"#Report name","Broadcast RCs by popularity - Browsers"
"#Site","broadcastredbutton"
"#Reporting period","01-10-2018 until 31-10-2018"
"#Segment","All browsers"
"#Visit filter","All visits"
"#Event filter","All events"

"#Broadcast MHEG RCs by Popularity - Browsers"

"action_type","rc_transition"
"action_name","transition"

"destination_rc","Browsers"
"/b/bridge_B1_EN","5,120,490"
"/d/r/ne/O","4,928,349"
"/d/r/sp/KH","4,536,613"
"/d/r/sp/OL","3,981,050"
"/d/r/ne/LU","3,809,125"
"/d/r/sp/HK","2,389,056"
"/c/boot","2,363,248"
"/d/r/sp/LV","2,256,283"
"/d/r/ne/HGK","2,073,696"
"/d/r/sp/13e","1,853,144"
"/d/r/ne/22d","1,795,898"
"/d/r/ne/22e","1,774,358"
"/d/r/ne/2dd","1,749,506"
"/d/r/ne/2df","1,744,827"
"/d/r/ne/2de","1,744,110"
"/d/r/ne/22c","1,741,472"
"/d/r/ne/2c4","1,705,623"
"/d/r/ne/22a","1,705,540"
"/d/r/ne/22b","1,660,520"
"/d/r/ne/KJ","1,486,594"
"/d/r/ne/2c3","1,478,942"
"/d/r/ne/H","1,390,106"
"/d/r/sp/M","1,356,122"
"/d/r/ne/U","1,162,883"
"/d/r/ne/35e","1,065,543"
"/d/r/ne/MO","1,023,879"
"/b/bridge_B2_EN","1,023,405"
"/d/r/ne/QR","1,012,288"
"/d/r/ne/23a","980,920"
"/d/r/sp/78","966,658"
"/d/r/sp/13f","965,901"
"/d/r/sp/21e","963,797"
"/d/r/we/HPG","956,548"
"/d/r/sp/17b","909,966"
"/d/r/we/HPO","897,405"
"/d/r/sp/21f","885,152"
"/d/r/sp/17a","851,784"
"/d/r/ne/353","850,881"
"/b/bridge_BN","848,134"
"/d/r/sp/140","833,936"
"/d/r/sp/254","815,828"
"/d/r/sp/1e3","788,541"
"/d/r/en/JQ","772,389"
"/d/r/ne/KI","758,447"
"/d/r/sp/MV","738,220"
"/d/r/ne/2e0","734,994"
"/d/r/sp/255","731,120"
"/c/tvIp_B1_EN","712,135"
"/d/r/sp/HKG","694,428"
"/d/r/sp/349","694,204"
"/r/si.rc","677,721"
"/d/r/ne/c","675,812"
"/d/r/ne/327","667,298"
"/d/r/sp/HJJ","666,343"
"/d/r/ne/201","661,744"
"/d/r/sp/256","659,000"
"/d/r/ne/a","653,576"
"/d/r/en/HO","635,310"
"/d/r/ne/b","629,137"
"/d/r/ne/28b","599,751"
"/d/r/ne/35b","599,575"
"/d/r/sp/e5","595,806"
"/d/r/sp/OH","586,936"
"/d/r/ne/301","573,876"
"/d/r/ne/302","563,380"
"/d/r/ne/200","550,497"
"/d/r/ne/d4","550,268"
"/d/r/sp/77","533,321"
"/d/r/sp/211","519,328"
"/d/r/ne/NR","515,556"
"/d/r/sp/MU","510,176"
"/d/r/ne/202","508,642"
"/d/r/ne/2f9","505,998"
"/d/r/sp/373","505,101"
"/d/r/ne/J","502,337"
"/b/bridge_B1_SC","501,661"
"/d/r/sp/44","500,244"
"/d/r/sp/HJT","493,553"
"/d/r/sp/43","491,784"
"/b/bridge_B1HD_EN","489,592"
"/d/r/sp/HGM","484,867"
"/tier1/rc/ne/NewsIndex","474,946"
"/d/r/sp/45","465,413"
"/d/r/ne/ca","461,875"
"/d/r/ne/14","451,750"
"/d/r/ne/16","448,713"
"/d/r/ne/15","447,992"
"/d/r/ne/2c0","439,871"
"/d/r/ne/2b8","434,460"
"/d/r/ne/2bf","433,133"
"/d/r/ne/d3","432,477"
"/r/min.rc","427,351"
"/d/r/sp/KL","426,166"
"/d/r/ne/HN","422,513"
"/d/r/ne/2c1","414,579"
"/d/r/ne/d2","412,424"
"/d/r/ne/cb","411,941"
"/d/r/sp/e1","411,658"
"/d/r/ne/cc","404,891"
"/d/r/en/TL","403,563"
"/d/r/ne/d1","403,155"
"/d/r/ne/239","393,910"
"/d/r/sp/e2","393,646"
"/d/r/sp/e4","380,369"
"/d/r/sp/e3","380,084"
"/d/r/sp/76","377,405"
"/tier1/rc/ne/NewsHeadlines","375,165"
"/d/r/ne/1b9","374,974"
"/d/r/sp/131","371,341"
"/d/r/sp/12f","365,839"
"/d/r/en/141","362,510"
"/tier1/rc/sp/SportIndex","357,633"
"/d/r/sp/19f","350,720"
"/d/r/en/4d","344,683"
"/d/r/ne/165","335,877"
"/d/r/ne/OS","327,960"
"/tv/rc/bridge_B1_EN","322,293"
"/d/r/ne/10e","320,847"
"/d/r/sp/1a0","317,565"
"/d/r/sp/HJK","315,606"
"/d/r/ne/PG","313,816"
"/d/r/en/HGN","313,550"
"/d/r/sp/2cb","309,297"
"/d/r/ne/HGL","308,777"
"/d/r/ne/35","303,224"
"/tier1/rc/sp/SportFootball","302,966"
"/d/r/sp/132","293,687"
"/d/r/tr/RP","284,525"
"/d/r/ne/1d9","276,839"
"/d/r/we/HPR","275,809"
"/d/r/ne/dd","275,238"
"/boot","273,835"
"/d/r/sp/HIV","273,729"
"/d/r/ne/db","271,147"
"/d/r/ne/IU","270,549"
"/d/r/ne/dc","268,855"
"/d/r/en/27a","267,108"
"/d/r/sp/1b0","264,718"
"/d/r/en/27d","263,255"
"/d/r/ne/1ba","262,333"
"/d/r/sp/JL","260,839"
"/b/bridge_B1_NI","260,002"
"/d/r/ne/1bb","259,725"
"/d/r/sp/JG","258,071"
"/d/r/en/27c","257,841"
"/d/r/en/27b","255,054"
"/d/r/ne/1bc","254,372"
"/d/r/svs/fm","254,368"
"/d/r/ne/IOV","248,951"
"/d/r/en/142","246,452"
"/d/r/sp/278","245,639"
"/d/r/ne/1bd","245,319"
"/d/r/ne/1be","242,575"
"/d/r/ne/SH","242,443"
"/d/r/ne/OV","241,151"
"/d/r/ne/OG","240,092"
"/d/r/en/TM","239,317"
"/d/r/ne/PP","235,077"
"/d/r/sp/33a","228,457"
"/d/r/sp/HI","227,645"
"/d/r/en/143","227,160"
"/b/bridge_B1_WA","225,722"
"/d/r/we/HQP","223,308"
"/d/r/ne/HU","220,829"
"/d/r/ne/OT","217,067"
"/d/r/sp/303","215,575"
"/d/r/sp/HIU","213,335"
"/d/r/ne/34","211,202"
"/d/r/en/206","202,274"
"/tier1/rc/ne/NewsHeadlinessub1","200,792"
"/d/r/sp/1b1","199,656"
"/tier1/rc/ne/NewsHeadlinesTopStory","199,156"
"/tier1/rc/sp/SportFootballNews","195,358"
"/d/r/sp/ea","192,455"
"/d/r/sp/82","189,244"
"/b/bridge_B2HD","188,859"
"/d/r/ne/OU","187,561"
"/d/r/tr/RQ","187,055"
"/d/r/en/144","186,966"
"/d/r/sp/1e","186,934"
"/d/r/ne/PN","185,997"
"/d/r/we/HQI","183,584"
"/tier1/rc/ne/10SimpleStory4","182,946"
"/tier1/rc/ne/10SimpleStory3","178,256"
"/d/r/ne/IPG","177,516"
"/d/r/ne/20e","176,417"
"/d/r/ne/PI","175,405"
"/d/r/ne/PL","174,871"
"/d/r/we/HPU","174,857"
"/tier1/rc/ne/10SimpleStory5","174,356"
"/d/r/we/HPS","173,905"
"/d/r/ne/62","173,449"
"/tier1/rc/ne/10SimpleStory6","172,310"
"/tier1/rc/ne/10SimpleStory7","171,133"
"/tier1/rc/ne/10SimpleStory1","170,944"
"/tier1/rc/sp/SportFootballScores","170,384"
"/tier1/rc/ne/10SimpleStory2","169,445"
"/d/r/sp/130","167,981"
"/tier1/rc/ne/10SimpleStory8","167,799"
"/d/r/sp/4b","167,039"
"/d/r/sp/18b","166,938"
"/d/r/ne/PM","163,436"
"/d/r/sp/JT","162,918"
"/d/r/sp/HKP","160,893"
"/d/r/sp/304","160,126"
"/d/r/sp/33f","160,030"
"/d/r/we/HPH","158,290"
"/d/r/sp/HLL","157,103"
"/tier1/rc/ne/NewsUK","156,709"
"/d/r/sp/HKU","156,082"
"/d/r/sp/279","154,301"
"/d/r/sp/18c","153,579"
"/d/r/ne/IJO","152,307"
"/d/r/sp/N","152,243"
"/d/r/en/145","148,986"
"/d/r/ne/PO","147,638"
"/d/r/ne/60","146,380"
"/tier1/rc/ne/10SimpleStory9","145,170"
"/d/r/en/TN","144,326"
"/d/r/ne/61","143,706"
"/d/r/ne/IOU","142,804"
"/d/r/sp/81","142,007"
"/d/r/ne/167","141,537"
"/d/r/we/HQQ","141,424"
"/d/r/we/HQS","140,885"
"/d/r/sp/375","140,779"
"/d/r/ne/1c3","139,696"
"/d/r/ne/PH","138,959"
"/d/r/ne/IJN","138,458"
"/d/r/sp/18a","138,452"
"/tier1/rc/sp/98SimpleStory0","137,061"
"/d/r/ne/23f","136,612"
"/tier1/rc/ne/NewsUKRegions","136,301"
"/c/tvIp_B2_EN","136,205"
"/d/r/sp/HJU","135,939"
"/d/r/we/HPV","135,680"
"/d/r/tr/RR","132,774"
"/d/r/ne/23b","130,875"
"/d/r/ne/IJM","130,265"
"/d/r/ne/32e","127,150"
"/d/r/ne/28d","126,959"
"/d/r/ne/28e","126,913"
"/d/r/ne/df","126,091"
"/d/r/ne/28c","125,674"
"/tier1/rc/ne/BusinessIndex","125,372"
"/d/r/ne/de","125,159"
"/d/r/ne/10c","124,874"
"/d/r/ne/e0","124,468"
"/d/r/en/18e","124,395"
"/d/r/ne/ae","123,197"
"/tv/rc/bridge_BNHD","122,364"
"/d/r/ne/23e","122,251"
"/d/r/ne/PJ","121,519"
"/d/r/sp/HKQ","120,305"
"/d/r/we/HQL","118,916"
"/tier1/rc/sp/SportHeadlines","118,650"
"/d/r/ne/IJL","117,493"
"/d/r/ne/23d","117,259"
"/b/bridge_B2_SC","116,488"
"/d/r/we/HPT","113,894"
"/d/r/ne/af","113,773"
"/d/r/we/HQJ","113,394"
"/tier1/rc/ne/NewsWorld","113,384"
"/d/r/ne/b0","113,187"
"/d/r/we/HQU","113,120"
"/d/r/we/HQT","112,953"
"/d/r/ne/1a1","112,699"
"/d/r/ne/b1","112,550"
"/d/r/ne/b2","111,582"
"/d/r/sp/eb","111,563"
"/tier1/rc/ne/NewsIndexsub1","110,413"
"/tv/rc/bridge_B2HD","110,167"
"/d/r/sp/HLG","108,817"
"/d/r/ne/IJK","108,452"
"/d/r/sp/PT","108,110"
"/d/r/ne/32f","107,458"
"/d/r/ne/166","107,330"
"/d/r/ne/119","106,854"
"/d/r/ne/1e7","106,791"
"/tv/rc/bridge_B1HD_EN","104,719"
"/d/r/ne/ILH","103,889"
"/b/bridge_B4","103,490"
"/b/bridge_\c_\n","103,436"
"/d/r/sp/83","102,210"
"/d/r/ne/118","101,972"
"/d/r/tr/RT","100,604"
"/d/r/ne/ILN","100,193"
"/c/tvIp_BN","100,056"
"/d/r/ne/21d","99,197"
"/tier1/rc/ne/NewsUKsub1","99,154"
"/d/r/we/HPJ","98,361"
"/d/r/sp/HKJ","98,310"
"/d/r/sp/133","97,392"
"/d/r/sp/135","96,842"
"/d/r/ne/11a","96,788"
"/d/r/sp/250","96,384"
"/d/r/en/146","96,147"
"/d/r/we/HPK","95,889"
"/tier1/rc/ne/10SimpleStory10","95,270"
"/tier1/rc/ne/NewsUKRegionsEngland","94,058"
"/d/r/we/HPL","93,568"
"/d/r/sp/1a5","93,383"
"/d/r/we/HQR","93,040"
"/d/r/ne/86","92,910"
"/d/r/we/HQV","92,183"
"/d/r/sp/1d5","90,496"
"/d/r/ne/1a4","89,754"
"/d/r/we/HPP","88,634"
"/d/r/ne/2ee","88,171"
"/d/r/ne/23c","87,848"
"/d/r/ne/IJV","87,699"
"/d/r/sp/HKM","87,696"
"/d/r/we/HQM","86,768"
"/tier1/rc/ne/BusinessNews","86,652"
"/d/r/ne/84","86,350"
"/d/r/ne/2a4","86,111"
"/tier1/rc/ne/NewsHeadlinessub2","86,002"
"/d/r/we/HPQ","85,289"
"/b/bridge_B1HD_SC","84,832"
"/d/r/sp/HLO","84,753"
"/d/r/ne/IHT","84,671"
"/d/r/we/HPI","84,542"
"/tier1/rc/we/weathermenu","84,152"
"/d/r/ne/2ff","83,488"
"/d/r/ne/1a3","83,463"
"/d/r/ne/2a3","83,180"
"/d/r/ne/IHU","83,060"
"/d/r/ne/85","82,932"
"/d/r/ne/220","82,829"
"/d/r/tr/3a0","82,328"
"/d/r/ne/104","81,630"
"/d/r/ne/b3","80,822"
"/d/r/ne/221","80,635"
"/d/r/ne/67","80,570"
"/d/r/ne/20f","80,540"
"/d/r/ne/170","80,069"
"/d/r/ne/66","79,731"
"/d/r/ne/IKK","79,538"
"/d/r/ne/da","78,652"
"/d/r/ne/IKQ","78,385"
"/d/r/sp/HKN","78,248"
"/d/r/ne/109","78,206"
"/d/r/sp/HKH","77,678"
"/tier1/rc/sp/97SimpleStory3","77,533"
"/d/r/sp/HJV","77,258"
"/d/r/ne/IHS","77,063"
"/d/r/ne/ILM","77,003"
"/tier1/rc/sp/97SimpleStory0","76,571"
"/d/r/ne/IKJ","76,383"
"/d/r/ne/29e","76,173"
"/d/r/sp/HLP","75,997"
"/d/r/ne/IJJ","75,974"
"/d/r/sp/372","75,745"
"/tier1/rc/we/weatherregionmenu","75,696"
"/d/r/ne/105","75,575"
"/d/r/we/HQK","75,407"
"/d/r/ne/fe","75,250"
"/d/r/ne/1c8","75,233"
"/tier1/rc/sp/SportFootballNewssub1","74,354"
"/d/r/ne/270","73,491"
"/tier1/rc/ne/NewsUKsub2","73,390"
"/d/r/ne/68","73,270"
"/d/r/ne/106","72,976"
"/d/r/ne/11c","72,876"
"/tier1/rc/sp/97SimpleStory2","72,777"
"/tier1/rc/ne/11SimpleStory9","72,736"
"/d/r/ne/2fa","72,726"
"/d/r/ne/16f","72,697"
"/tier1/rc/en/EntertainmentNews","72,532"
"/d/r/ne/11b","72,152"
"/c/tvIp_B1HD_EN","72,019"
"/d/r/ne/108","71,966"
"/d/r/ne/107","71,959"
"/tier1/rc/ne/11SimpleStory10","71,953"
"/tier1/rc/sp/98SimpleStory1","71,758"
"/d/r/ne/2d1","71,258"
"/tier1/rc/sp/97SimpleStory4","70,720"
"/tier1/rc/ne/11SimpleStory8","70,348"
"/d/r/ne/28a","70,082"
"/d/r/ne/21a","69,811"
"/d/r/ne/IIQ","69,656"
"/d/r/ne/276","69,625"
"/d/r/ne/171","69,385"
"/tier1/rc/ne/NewsWorldsub1","69,183"
"/d/r/ne/IIT","69,169"
"/d/r/ne/21b","69,032"
"/d/r/sp/330","68,994"
"/d/r/ne/293","68,951"
"/d/r/we/HQO","68,466"
"/d/r/ne/c1","68,432"
"/d/r/sp/326","68,431"
"/d/r/ne/IJR","68,331"
"/d/r/ne/271","68,173"
"/d/r/sp/2a5","67,982"
"/tier1/rc/ne/11SimpleStory0","67,843"
"/tier1/rc/ne/11SimpleStory7","67,707"
"/d/r/sp/HJS","67,672"
"/d/r/ne/214","67,592"
"/tier1/rc/sp/97SimpleStory1","67,506"
"/b/bridge_BLR","67,298"
"/d/r/ne/277","67,298"
"/d/r/we/HQN","67,059"
"/d/r/ne/213","66,997"
"/d/r/ne/26f","66,993"
"/d/r/ne/IIU","66,874"
"/d/r/ne/c2","66,820"
"/tier1/rc/sp/SportMotorSport","66,432"
"/d/r/ne/289","66,362"
"/d/r/ne/151","66,098"
"/d/r/ne/11d","66,067"
"/d/r/ne/2ed","65,754"
"/d/r/ne/IKP","65,613"
"/d/r/sp/252","65,570"
"/d/r/ne/2fc","65,505"
"/d/r/ne/IKI","65,413"
"/d/r/ne/d9","65,389"
"/d/r/ne/2f4","65,271"
"/tier1/rc/ne/11SimpleStory6","65,133"
"/d/r/ne/IKG","65,103"
"/d/r/ne/2ba","65,026"
"/d/r/ne/2d3","64,774"
"/d/r/sp/bf","64,657"
"/d/r/ne/d8","64,340"
"/c/tvIp_B1_SC","63,833"
"/d/r/sp/2cd","63,541"
"/d/r/ne/2d2","63,506"
"/d/r/sp/1fa","63,082"
"/d/r/sp/168","62,829"
"/d/r/sp/30c","62,712"
"/d/r/ne/1e8","62,552"
"/d/r/ne/2d4","62,541"
"/tier1/rc/ne/11SimpleStory5","62,286"
"/tier1/rc/sp/SportFootballTables","62,179"
"/tier1/rc/ne/11SimpleStory4","62,159"
"/d/r/ne/150","61,992"
"/d/r/ne/316","61,929"
"/d/r/ne/27","61,721"
"/tier1/rc/sp/98SimpleStory2","61,010"
"/d/r/ne/317","60,571"
"/d/r/ne/295","60,269"
"/d/r/ne/c3","59,774"
"/tv/rc/tvIp_B1_EN","59,415"
"/d/r/sp/198","59,250"
"/d/r/ne/IKM","59,200"
"/tier1/rc/sp/SportMotorSportHeadlines","58,935"
"/d/r/ne/152","58,617"
"/tier1/rc/ne/11SimpleStory1","58,594"
"/d/r/sp/313","58,427"
"/d/r/sp/33e","58,082"
"/d/r/ne/1e9","57,717"
"/d/r/sp/117","57,478"
"/d/r/sp/134","57,263"
"/d/r/ne/2fb","57,060"
"/tier1/rc/sp/SportHeadlinessub1","56,844"
"/d/r/sp/176","56,700"
"/d/r/ne/1f5","56,153"
"/tier1/rc/sp/97SimpleStory5","56,109"
"/b/bridge_R5LI","56,062"
"/d/r/ne/IIV","55,915"
"/d/r/sp/2d","55,874"
"/d/r/ne/13b","55,858"
"/tier1/rc/ne/11SimpleStory2","55,699"
"/d/r/sp/c0","55,695"
"/tier1/rc/ne/11SimpleStory3","55,586"
"/d/r/we/HQG","55,530"
"/d/r/sp/HJR","55,499"
"/d/r/ne/91","55,467"
"/d/r/ne/IKH","55,223"
"/d/r/ne/IIP","55,140"
"/d/r/sp/ec","55,055"
"/tv/rc/bridge_B1HD_WA","54,523"
"/d/r/ne/IIS","54,066"
"/tier1/rc/ne/NewsWorldsub2","53,846"
"/d/r/ne/1b4","53,810"
"/d/r/ne/1f4","53,810"
"/d/r/ne/1f","53,796"
"/d/r/ne/ILL","53,613"
"/d/r/ne/IIM","53,419"
"/d/r/sp/HLR","53,058"
"/d/r/ne/1c9","52,810"
"/d/r/we/HQH","52,787"
"/d/r/ne/2ea","52,616"
"/d/r/sp/197","52,575"
"/app/rc/min","52,558"
"/d/r/sp/159","52,069"
"/b/bridge_B2_WA","51,966"
"/tier1/rc/en/EntertainmentLottery","51,945"
"/d/r/ne/IKO","51,751"
"/d/r/sp/1f7","51,271"
"/d/r/we/HPM","51,129"
"/d/r/sp/e9","50,822"
"/d/r/ne/297","50,814"
"/d/r/sp/312","50,782"
"/b/bridge_B2_NI","50,718"
"/d/r/sp/1db","50,695"
"/tier1/rc/sp/97SimpleStory6","50,634"
"/d/r/tr/390","50,399"
"/tier1/rc/sp/SportIndexsub1","50,323"
"/tier1/rc/ne/BusinessForex","50,139"
"/d/r/ne/1f6","50,059"
"/d/r/ne/16d","49,984"
"/tier1/rc/sp/98SimpleStory3","49,748"
"/tier1/rc/ne/BusinessMarkets","49,570"
"/d/r/ne/13d","49,228"
"/b/bridge_CBEB","48,950"
"/d/r/ne/1ca","48,918"
"/d/r/sp/88","48,901"
"/d/r/en/4c","48,654"
"/d/r/ne/IIN","48,640"
"/d/r/sp/199","48,640"
"/tier1/rc/ne/BusinessShares","48,633"
"/tier1/rc/ne/12SimpleStory9","48,576"
"/d/r/sp/154","48,539"
"/d/r/sp/HLS","48,437"
"/tier1/rc/ne/12SimpleStory10","48,390"
"/d/r/ne/2d9","48,263"
"/tier1/rc/ne/12SimpleStory8","48,068"
"/d/r/sp/125","47,983"
"/d/r/sp/1de","47,822"
"/tier1/rc/ne/12SimpleStory4","47,711"
"/d/r/sp/1dc","47,624"
"/tier1/rc/ne/BusinessNewssub1","47,590"
"/tier1/rc/ne/12SimpleStory7","47,416"
"/d/r/ne/IJS","47,334"
"/d/r/ne/IKL","47,311"
"/tier1/rc/ne/12SimpleStory5","47,300"
"/tier1/rc/ne/12SimpleStory0","47,072"
"/d/r/ne/IKN","46,857"
"/d/r/ne/ILI","46,729"
"/tier1/rc/ne/12SimpleStory6","46,645"
"/d/r/sp/2e8","46,124"
"/d/r/ne/258","45,975"
"/d/r/ne/16c","45,712"
"/d/r/sp/HKS","45,592"
"/tier1/rc/ne/12SimpleStory3","45,474"
"/d/r/sp/227","45,461"
"/d/r/sp/87","45,323"
"/d/r/ne/1ea","45,187"
"/d/r/ne/163","44,942"
"/tier1/rc/ne/12SimpleStory11","44,423"
"/tier1/rc/ne/12SimpleStory2","44,210"
"/tv/rc/bridge_B1HD_SC","44,080"
"/d/r/ne/21","43,815"
"/d/r/ne/296","43,375"
"/d/r/ne/IKR","43,349"
"/tier1/rc/ne/17SimpleStory2","43,337"
"/d/r/we/HPN","42,840"
"/tier1/rc/sp/SportFootballResultsandFixtures","42,449"
"/d/r/ne/ILJ","42,428"
"/d/r/sp/24f","42,406"
"/d/r/sp/89","42,345"
"/b/bridge_B1HD_NI","42,227"
"/tier1/rc/ne/12SimpleStory1","42,226"
"/d/r/sp/1d3","42,143"
"/d/r/sp/14d","41,989"
"/b/bridge_B1HD_WA","41,988"
"/d/r/sp/2e7","41,942"
"/d/r/ne/13c","41,610"
"/d/r/ne/16e","41,561"
"/d/r/ne/IJP","41,516"
"/d/r/sp/155","41,461"
"/d/r/sp/27e","41,261"
"/app/rc/index","41,195"
"/tier1/rc/sp/SportHeadlinesTopStory","41,048"
"/b/bridge_R2","41,032"
"/d/r/sp/181","40,941"
"/d/r/sp/HJQ","40,883"
"/d/r/sp/PV","40,521"
"/d/r/ne/162","40,455"
"/d/r/sp/253","40,348"
"/tier1/rc/sp/97SimpleStory7","40,347"
"/d/r/ne/74","40,193"
"/d/r/ne/305","40,157"
"/d/r/ne/QS","39,482"
"/d/r/ne/37","39,194"
"/d/r/sp/156","39,018"
"/d/r/ne/58","38,839"
"/d/r/ne/186","38,698"
"/d/r/ne/IJQ","38,489"
"/tier1/rc/sp/SportCricket","38,449"
"/tier1/rc/en/EntertainmentNewssub1","38,114"
"/d/r/ne/ac","37,962"
"/d/r/ne/283","37,822"
"/d/r/sp/158","37,781"
"/d/r/sp/98","37,699"
"/d/r/sp/169","37,658"
"/d/r/ne/5c","37,621"
"/d/r/sp/1c5","37,594"
"/d/r/sp/15b","37,568"
"/d/r/ne/175","37,498"
"/d/r/sp/157","37,481"
"/d/r/ne/ILK","37,349"
"/d/r/ne/164","37,231"
"/tier1/rc/ne/10SimpleStory11","37,231"
"/d/r/sp/PU","37,230"
"/d/r/ne/1df","36,971"
"/d/r/sp/2fd","36,821"
"/d/r/sp/HIT","36,585"
"/tier1/rc/sp/98SimpleStory4","36,516"
"/d/r/ne/2f3","36,500"
"/c/tv_B1_EN","36,413"
"/d/r/sp/HLH","36,378"
"/d/r/ne/36","35,917"
"/d/r/ne/73","35,669"
"/d/r/sp/34b","35,597"
"/d/r/ne/59","35,472"
"/d/r/sp/6b","35,470"
"/tier1/rc/ne/NewsPolitics","35,434"
"/d/r/sp/365","35,384"
"/d/r/sp/32","35,368"
"/d/r/sp/HKV","35,260"
"/d/r/sp/2e4","35,258"
"/tier1/rc/sp/95SimpleStory1","34,973"
"/d/r/sp/226","34,834"
"/d/r/ne/2b9","34,795"
"/d/r/sp/HLU","34,603"
"/d/r/ne/IIO","34,176"
"/d/r/ne/IJT","33,945"
"/d/r/sp/31","33,887"
"/d/r/ne/127","33,866"
"/tier1/rc/ne/BusinessNewsTopStory","33,681"
"/d/r/ne/75","33,582"
"/d/r/ne/20","33,575"
"/tier1/rc/sp/95SimpleStory2","33,525"
"/d/r/ne/1d8","33,497"
"/d/r/ne/22f","33,422"
"/tier1/rc/ne/NewsUKRegionsWales","33,107"
"/d/r/ne/1c1","33,067"
"/d/r/ne/IJU","33,063"
"/d/r/ne/f6","33,030"
"/d/r/sp/333","32,976"
"/d/r/ne/5a","32,883"
"/d/r/sp/4f","32,693"
"/tier1/rc/en/EntertainmentLotteryGame0","32,665"
"/d/r/ne/1eb","32,632"
"/c/tvIp_R2","32,598"
"/d/r/sp/204","32,510"
"/d/r/sp/HLV","32,425"
"/tier1/rc/sp/100SimpleStory0","32,334"
"/d/r/ne/285","32,274"
"/d/r/sp/QG","32,220"
"/tier1/rc/ne/NewsSciTech","32,049"
"/d/r/ne/29d","32,032"
"/tier1/rc/sp/95SimpleStory3","32,008"
"/d/r/sp/33","31,991"
"/tier1/rc/ne/NewsUKRegionsScotland","31,975"
"/d/r/sp/8f","31,915"
"/d/r/sp/29c","31,832"
"/tier1/rc/ne/NewsTechnology","31,657"
"/d/r/ne/f7","31,580"
"/tier1/rc/sp/95SimpleStory4","31,438"
"/d/r/ne/IKU","31,292"
"/d/r/ne/ab","31,222"
"/d/r/sp/280","31,221"
"/d/r/tr/3e4","31,144"
"/tier1/rc/ne/14SimpleStory1","31,064"
"/tier1/rc/ne/14SimpleStory4","31,041"
"/tier1/rc/ne/16SimpleStory1","31,031"
"/tier1/rc/ne/14SimpleStory3","30,861"
"/d/r/ne/1fd","30,854"
"/d/r/ne/179","30,771"
"/d/r/ne/1b2","30,756"
"/tier1/rc/sp/SportRugbyUnion","30,664"
"/d/r/tr/RU","30,625"
"/d/r/ne/1c0","30,567"
"/tier1/rc/ne/15SimpleStory1","30,527"
"/tier1/rc/ne/14SimpleStory2","30,485"
"/c/tvIp_B1_WA","30,430"
"/d/r/ne/2bb","30,367"
"/d/r/sp/322","30,305"
"/d/r/ne/287","30,292"
"/d/r/ne/126","30,271"
"/d/r/sp/2e3","30,209"
"/d/r/ne/5b","30,159"
"/d/r/ne/f5","30,045"
"/d/r/sp/15a","29,948"
"/d/r/ne/174","29,585"
"/d/r/tr/RV","29,574"
"/tier1/rc/sp/112SimpleStory0","29,456"
"/d/r/ne/b7","29,391"
"/c/tvIp_B1_NI","29,232"
"/d/r/ne/79","29,226"
"/tier1/rc/ne/14SimpleStory5","28,978"
"/d/r/sp/27f","28,929"
"/d/r/sp/6a","28,911"
"/tier1/rc/en/03SimpleStory0","28,794"
"/tier1/rc/sp/SportOtherSportSport1","28,723"
"/d/r/sp/8e","28,712"
"/d/r/sp/329","28,520"
"/tier1/rc/sp/95SimpleStory5","28,489"
"/d/r/ne/5d","28,462"
"/tier1/rc/ne/14SimpleStory6","28,412"
"/tier1/rc/sp/SportFootballFinalsResults","28,351"
"/d/r/sp/1b5","28,309"
"/c/tvIp_CBEB","28,286"
"/tier1/rc/sp/97SimpleStory8","28,265"
"/d/r/ne/f3","28,234"
"/d/r/ne/1c2","28,230"
"/d/r/sp/2e5","28,189"
"/d/r/ne/ad","28,114"
"/tier1/rc/en/EntertainmentNewsTopStory","28,051"
"/tier1/rc/sp/SportFootballFinalsHeadlines","27,876"
"/tier1/rc/ne/14SimpleStory7","27,826"
"/d/r/ne/49","27,755"
"/d/r/sp/HKK","27,749"
"/d/r/ne/30e","27,728"
"/c/tvIp_BLR","27,630"
"/d/r/ne/IJH","27,549"
"/d/r/sp/114","27,283"
"/d/r/ne/128","27,247"
"/tier1/rc/ne/NewsUKRegionsWalesHeadlines","27,015"
"/d/r/ne/286","27,012"
"/d/r/sp/216","26,995"
"/d/r/ne/1b7","26,987"
"/d/r/sp/1c4","26,805"
"/d/r/ne/183","26,795"
"/tier1/rc/ne/NewsUKRegionsNorthWest","26,778"
"/tier1/rc/ne/14SimpleStory8","26,671"
"/tier1/rc/ne/NewsHealth","26,571"
"/d/r/ne/173","26,563"
"/d/r/tr/3b1","26,539"
"/d/r/ne/ILG","26,507"
"/d/r/ne/7b","26,495"
"/d/r/sp/14f","26,452"
"/d/r/ne/262","26,352"
"/d/r/ne/15f","26,301"
"/d/r/en/4e","26,285"
"/d/r/ne/IKT","26,229"
"/d/r/ne/284","26,127"
"/tier1/rc/ne/14SimpleStory9","26,084"
"/d/r/tr/41a","26,023"
"/d/r/ne/10d","25,968"
"/d/r/sp/HKL","25,933"
"/d/r/sp/339","25,928"
"/d/r/ne/2f6","25,911"
"/c/tvIp_B2HD","25,845"
"/d/r/tr/40c","25,781"
"/b/bridge_BPMT","25,619"
"/d/r/en/249","25,521"
"/d/r/sp/HJI","25,515"
"/tier1/rc/sp/95SimpleStory6","25,512"
"/d/r/ne/2f7","25,507"
"/d/r/ne/1d7","25,456"
"/d/r/tr/39f","25,339"
"/tier1/rc/ne/NewsUKRegionsScotlandHeadlines","25,258"
"/d/r/sp/QH","25,225"
"/d/r/ne/b8","25,031"
"/d/r/tr/41f","25,011"
"/tier1/rc/tr/Ho","24,962"
"/d/r/sp/90","24,905"
"/d/r/tr/413","24,894"
"/d/r/ne/288","24,871"
"/d/r/tr/405","24,785"
"/tier1/rc/sp/100SimpleStory1","24,769"
"/tier1/rc/sp/SportCricketScores","24,662"
"/d/r/tr/404","24,608"
"/d/r/ne/2f8","24,522"
"/d/r/ne/1bf","24,370"
"/d/r/tr/406","24,333"
"/d/r/sp/7f","24,309"
"/d/r/ne/5e","24,268"
"/tier1/rc/en/23SimpleStory1","24,168"
"/d/r/ne/1b6","24,097"
"/tier1/rc/en/23SimpleStory4","23,955"
"/d/r/tr/3fe","23,799"
"/d/r/tr/399","23,770"
"/d/r/ne/IKV","23,741"
"/tier1/rc/en/23SimpleStory3","23,453"
"/d/r/ne/f2","23,396"
"/d/r/tr/3a4","23,372"
"/d/r/ne/e","23,298"
"/d/r/ne/178","23,243"
"/d/r/sp/1f9","23,216"
"/d/r/tr/3fd","23,205"
"/d/r/sp/c9","23,134"
"/tv/rc/tvIp_B2HD","23,059"
"/d/r/ne/1d6","22,998"
"/tier1/rc/en/23SimpleStory2","22,978"
"/d/r/tr/37d","22,860"
"/d/r/sp/QJ","22,838"
"/d/r/tr/40f","22,730"
"/tier1/rc/ne/NewsUKRegionsSouthEast","22,709"
"/b/bridge_R4FM","22,694"
"/d/r/tr/386","22,543"
"/d/r/ne/28f","22,493"
"/d/r/ne/b9","22,443"
"/d/r/tr/41e","22,334"
"/tier1/rc/ne/17SimpleStory1","22,330"
"/tier1/rc/en/23SimpleStory5","22,092"
"/tier1/rc/sp/105SimpleStory0","22,075"
"/tier1/rc/sp/98SimpleStory5","22,037"
"/d/r/ne/182","21,967"
"/d/r/ne/230","21,967"
"/d/r/ne/7d","21,952"
"/d/r/sp/51","21,902"
"/d/r/ne/f4","21,852"
"/d/r/sp/180","21,772"
"/tier1/rc/ne/NewsNewspapersSimpleStory0","21,772"
"/d/r/ne/7a","21,674"
"/d/r/ne/25a","21,577"
"/d/r/ne/1b8","21,457"
"/c/tvIp_R4FM","21,442"
"/d/r/ne/5f","21,405"
"/d/r/sp/17f","21,339"
"/d/r/we/HRI","21,323"
"/tier1/rc/sp/95SimpleStory7","21,255"
"/tier1/rc/sp/105SimpleStory1","21,237"
"/d/r/ne/a3","21,163"
"/d/r/sp/33c","21,130"
"/d/r/sp/6c","21,037"
"/d/r/ne/d","20,975"
"/d/r/sp/HKR","20,949"
"/d/r/sp/15c","20,934"
"/tv/rc/tvIp_B1HD_EN","20,933"
"/d/r/sp/QK","20,925"
"/d/r/sp/2b2","20,862"
"/d/r/tr/3ff","20,782"
"/d/r/ne/177","20,757"
"/d/r/tr/3e3","20,706"
"/tier1/rc/sp/105SimpleStory2","20,704"
"/d/r/ne/7c","20,597"
"/d/r/tr/39a","20,561"
"/d/r/ne/273","20,551"
"/d/r/ne/1ee","20,494"
"/d/r/ne/36b","20,420"
"/tier1/rc/sp/SportCricketHeadlines","20,314"
"/d/r/en/TP","20,270"
"/tier1/rc/sp/SportTennis","20,267"
"/r/apol_ait_launch.rc","20,223"
"/tier1/rc/ne/NewsUKRegionsSouthWest","20,157"
"/tier1/rc/ne/NewsUKRegionsYorkLincs","20,143"
"/tier1/rc/en/23SimpleStory6","20,136"
"/d/r/ne/1ed","20,125"
"/d/r/tr/423","20,125"
"/d/r/ne/ba","20,064"
"/tier1/rc/sp/SportRegions","20,063"
"/tier1/rc/ne/NewsPoliticssub1","20,028"
"/tier1/rc/sp/105SimpleStory3","19,999"
"/d/r/ne/184","19,972"
"/tier1/rc/sp/SportRugbyUnionHeadlines","19,955"
"/d/r/en/99","19,938"
"/tier1/rc/en/EntertainmentLotteryGame1","19,889"
"/tv/rc/tvIp_BNHD","19,854"
"/d/r/ne/194","19,811"
"/d/r/ne/32b","19,674"
"/d/r/ne/1ec","19,553"
"/d/r/sp/31c","19,505"
"/d/r/sp/113","19,459"
"/d/r/ne/259","19,432"
"/d/r/sp/2ca","19,326"
"/tier1/rc/ne/NewsUKRegionsEast","19,290"
"/d/r/en/TO","19,262"
"/d/r/sp/ed","19,114"
"/d/r/ne/IKS","19,044"
"/d/r/sp/QI","19,022"
"/d/r/ne/f","19,012"
"/d/r/sp/1f8","19,008"
"/d/r/sp/1c6","18,903"
"/d/r/ne/231","18,791"
"/c/tvIp_B4","18,747"
"/d/r/tr/38d","18,684"
"/d/r/ne/a4","18,619"
"/d/r/sp/251","18,539"
"/d/r/ne/120","18,523"
"/d/r/sp/336","18,445"
"/d/r/ne/2cf","18,395"
"/d/r/we/HRG","18,374"
"/d/r/ne/274","18,289"
"/d/r/ne/63","18,163"
"/d/r/en/d0","18,092"
"/d/r/ne/290","18,031"
"/tier1/rc/sp/99SimpleStory0","18,030"
"/d/r/tr/39e","18,026"
"/d/r/sp/QM","17,923"
"/c/tv_RB1","17,831"
"/d/r/ne/18d","17,787"
"/tier1/rc/ne/16SimpleStory2","17,755"
"/d/r/ne/7e","17,750"
"/tier1/rc/sp/112SimpleStory1","17,691"
"/d/r/en/18f","17,580"
"/d/r/ne/20a","17,519"
"/d/r/ne/196","17,447"
"/d/r/ne/25b","17,414"
"/d/r/ne/20b","17,406"
"/d/r/tr/3f9","17,403"
"/d/r/en/9a","17,385"
"/d/r/sp/1cb","17,364"
"/d/r/sp/2c7","17,364"
"/d/r/tr/38f","17,267"
"/tier1/rc/en/04SimpleStory0","17,267"
"/d/r/tr/414","17,257"
"/d/r/ne/2ce","17,129"
"/d/r/ne/b6","17,004"
"/d/r/sp/QQ","16,979"
"/d/r/en/2e9","16,976"
"/d/r/ne/232","16,968"
"/d/r/ne/a2","16,958"
"/d/r/ne/2d0","16,896"
"/tier1/rc/we/weatherdurationmenu3","16,885"
"/tier1/rc/sp/97SimpleStory9","16,873"
"/tier1/rc/ne/15SimpleStory5","16,866"
"/c/tvIp_R5LI","16,839"
"/d/r/tr/397","16,771"
"/d/r/tr/3af","16,753"
"/d/r/ne/267","16,476"
"/tier1/rc/en/23SimpleStory7","16,465"
"/d/r/tr/39b","16,267"
"/d/r/ne/1b3","16,248"
"/d/r/tr/388","16,241"
"/d/r/sp/153","16,204"
"/d/r/sp/350","16,173"
"/d/r/ne/31e","16,158"
"/tier1/rc/sp/108SimpleStory1","16,158"
"/d/r/ne/291","16,133"
"/d/r/tr/37c","16,126"
"/tier1/rc/ne/NewsUKRegionsSouth","16,099"
"/d/r/sp/8b","16,062"
"/d/r/ne/17c","16,028"
"/d/r/ne/IJI","15,977"
"/tier1/rc/sp/95SimpleStory8","15,904"
"/d/r/tr/37e","15,837"
"/tier1/rc/tr/rem0","15,790"
"/d/r/sp/c4","15,779"
"/tier1/rc/sp/SportTennisHeadlines","15,730"
"/d/r/ne/IJG","15,655"
"/tier1/rc/we/weatherdurationmenu7","15,652"
"/d/r/en/148","15,604"
"/d/r/sp/80","15,603"
"/svs/rc/menu","15,595"
"/tier1/rc/sp/105SimpleStory4","15,503"
"/d/r/ne/195","15,274"
"/d/r/tr/39d","15,270"
"/d/r/ne/2b3","15,254"
"/d/r/sp/HJM","15,229"
"/tier1/rc/sp/100SimpleStory2","15,229"
"/d/r/sp/115","15,226"
"/d/r/tr/417","15,207"
"/d/r/tr/38c","15,133"
"/d/r/tr/38e","15,004"
"/tier1/rc/ne/FreeSatNewsUKRegionsWalesHeadlinesStory0","14,998"
"/d/r/ne/185","14,967"
"/tier1/rc/ne/NewsTechnologysub1","14,952"
"/d/r/sp/HLM","14,943"
"/d/r/ne/a1","14,810"
"/d/r/sp/HJO","14,803"
"/d/r/ne/17e","14,719"
"/d/r/ne/233","14,714"
"/d/r/ne/1f3","14,610"
"/d/r/ne/a5","14,593"
"/tier1/rc/we/weathermap5day3","14,548"
"/tier1/rc/ne/NewsUKRegionsWestMidlands","14,543"
"/d/r/sp/92","14,524"
"/d/r/ne/2c2","14,457"
"/d/r/ne/17d","14,358"
"/d/r/ne/1f2","14,340"
"/d/r/ne/65","14,267"
"/d/r/tr/400","14,262"
"/d/r/ne/292","14,210"
"/d/r/tr/411","14,164"
"/tier1/rc/sp/SportMotorSportResults","14,106"
"/tier1/rc/ne/FreeSatNewsUKRegionsWalesHeadlinesStory4","14,094"
"/d/r/ne/308","14,091"
"/d/r/ne/18","14,045"
"/tier1/rc/ne/FreeSatNewsUKRegionsWalesHeadlinesStory3","14,027"
"/d/r/en/a9","14,008"
"/tier1/rc/we/weatherdurationmenu6","13,940"
"/tier1/rc/sp/99SimpleStory1","13,887"
"/d/r/ne/240","13,881"
"/d/r/tr/3ac","13,800"
"/tier1/rc/ne/FreeSatNewsUKRegionsWalesHeadlinesStory1","13,798"
"/d/r/tr/387","13,776"
"/tier1/rc/ne/FreeSatNewsUKRegionsWalesHeadlinesStory2","13,766"
"/tier1/rc/sp/SportOtherSportSport5Headlines","13,760"
"/d/r/sp/1d4","13,725"
"/d/r/ne/2bc","13,646"
"/tier1/rc/we/weathermap5day7","13,590"
"/tier1/rc/we/weathersummarymenu","13,516"
"/tier1/rc/sp/99SimpleStory4","13,484"
"/tier1/rc/ne/NewsUKRegionsScotlandHeadlinessub1","13,474"
"/d/r/ne/209","13,432"
"/tier1/rc/ne/FreeSatNewsUKRegionsWalesHeadlinesStory5","13,413"
"/d/r/ne/a6","13,408"
"/tier1/rc/ne/15SimpleStory3","13,316"
"/d/r/sp/1cc","13,305"
"/tier1/rc/ne/15SimpleStory2","13,297"
"/d/r/ne/13a","13,296"
"/tier1/rc/ne/NewsUKRegionsWalesHeadlinessub1","13,269"
"/d/r/sp/c5","13,249"
"/tier1/rc/ne/15SimpleStory4","13,233"
"/d/r/sp/12","13,210"
"/tier1/rc/ne/NewsUKRegionsLondon","13,209"
"/tier1/rc/sp/99SimpleStory6","13,185"
"/d/r/ne/268","13,178"
"/tier1/rc/ne/FreeSatNewsUKRegionsWalesHeadlinesStory6","13,144"
"/d/r/sp/94","13,087"
"/tier1/rc/ne/FreeSatNewsUKRegionsScotlandHeadlinesStory2","13,050"
"/d/r/ne/11f","13,049"
"/c/tvIp_B2_SC","13,038"
"/tier1/rc/ne/16SimpleStory6","13,033"
"/tier1/rc/ne/FreeSatNewsUKRegionsWalesHeadlinesStory7","13,031"
"/tier1/rc/ne/FreeSatNewsUKRegionsScotlandHeadlinesStory0","13,028"
"/tier1/rc/en/23SimpleStory8","12,991"
"/tier1/rc/ne/FreeSatNewsUKRegionsScotlandHeadlinesStory3","12,985"
"/tier1/rc/ne/FreeSatNewsUKRegionsScotlandHeadlinesStory4","12,943"
"/tier1/rc/sp/SportGolf","12,923"
"/tier1/rc/ne/NewsUKRegionsNorthWestCumbria","12,863"
"/d/r/ne/17","12,811"
"/tier1/rc/sp/98SimpleStory6","12,806"
"/tier1/rc/sp/99SimpleStory3","12,802"
"/d/r/ne/1f1","12,775"
"/tier1/rc/ne/FreeSatNewsUKRegionsScotlandHeadlinesStory1","12,761"
"/d/r/sp/c6","12,700"
"/d/r/ne/30a","12,632"
"/tier1/rc/we/weatherdurationmenu4","12,609"
"/tier1/rc/ne/FreeSatNewsUKRegionsScotlandHeadlinesStory5","12,608"
"/tier1/rc/ne/NewsUKRegionsNorthWestLancashire","12,585"
"/tier1/rc/ne/FreeSatNewsUKRegionsWalesHeadlinesStory8","12,572"
"/d/r/ne/64","12,559"
"/tier1/rc/ne/NewsUKRegionsNorthWestManchester","12,541"
"/d/r/ne/b5","12,527"
"/d/r/sp/c8","12,501"
"/b/bridge_R3","12,477"
"/tier1/rc/sp/99SimpleStory5","12,418"
"/d/r/ne/260","12,407"
"/d/r/sp/26c","12,354"
"/d/r/sp/c7","12,350"
"/tier1/rc/ne/FreeSatNewsUKRegionsScotlandHeadlinesStory6","12,335"
"/d/r/sp/26d","12,331"
"/d/r/sp/26b","12,330"
"/tier1/rc/ne/NewsHealthsub1","12,320"
"/d/r/sp/14e","12,310"
"/tier1/rc/ne/FreeSatNewsUKRegionsScotlandHeadlinesStory7","12,290"
"/d/r/sp/121","12,275"
"/tier1/rc/ne/FreeSatNewsUKRegionsWalesHeadlinesStory9","12,257"
"/d/r/ne/208","12,218"
"/d/r/ne/a7","12,217"
"/tier1/rc/ne/10SimpleStory12","12,206"
"/d/r/tr/3aa","12,190"
"/tier1/rc/sp/SportRugbyUnionScores","12,175"
"/d/r/ne/25f","12,173"
"/d/r/ne/11e","12,121"
"/d/r/en/190","12,070"
"/tier1/rc/sp/100SimpleStory3","12,035"
"/d/r/sp/f9","12,018"
"/tier1/rc/ne/NewsSciTechsub1","12,017"
"/d/r/sp/HJL","11,986"
"/tier1/rc/ne/FreeSatNewsUKRegionsScotlandHeadlinesStory8","11,979"
"/tier1/rc/ne/NewsUKRegionsEastMidlands","11,968"
"/d/r/ne/2a7","11,958"
"/d/r/sp/ee","11,946"
"/tier1/rc/en/EntertainmentLotteryGame2","11,909"
"/d/r/ne/261","11,879"
"/tier1/rc/we/weathermap5day6","11,872"
"/d/r/we/HRH","11,834"
"/d/r/ne/2da","11,808"
"/b/bridge_CBBC","11,796"
"/tier1/rc/ne/18SimpleStory4","11,783"
"/d/r/ne/269","11,756"
"/d/r/ne/19","11,727"
"/d/r/sp/2a2","11,687"
"/d/r/sp/19b","11,667"
"/d/r/ne/331","11,641"
"/tier1/rc/tr/mom0","11,637"
"/d/r/sp/QO","11,546"
"/tier1/rc/ne/FreeSatNewsUKRegionsScotlandHeadlinesStory9","11,537"
"/tier1/rc/ne/NewsUKRegionsSouthEastKent","11,469"
"/d/r/ne/46","11,464"
"/d/r/sp/QP","11,459"
"/tier1/rc/ne/NewsUKRegionsNorthWestLiverpool","11,408"
"/d/r/sp/235","11,387"
"/d/r/sp/f8","11,384"
"/tier1/rc/we/weathermap24hour3","11,375"
"/tv/rc/tvIp_B1HD_WA","11,361"
"/tier1/rc/we/weatherdurationmenu2","11,344"
"/tier1/rc/sp/99SimpleStory2","11,320"
"/d/r/sp/294","11,319"
"/tier1/rc/ne/NewsUKRegionsNorthernIreland","11,286"
"/d/r/sp/324","11,241"
"/tv/rc/bridge_B1HD_NI","11,216"
"/d/r/sp/19a","11,049"
"/d/r/en/a8","10,976"
"/tier1/rc/ne/18SimpleStory3","10,932"
"/b/bridge_SCOT","10,921"
"/d/r/we/HRK","10,891"
"/d/r/ne/b4","10,881"
"/d/r/tr/40d","10,879"
"/d/r/tr/3a2","10,812"
"/tier1/rc/ne/NewsUKRegionsNorthEast","10,794"
"/d/r/ne/2d5","10,782"
"/tier1/rc/sp/112SimpleStory2","10,769"
"/d/r/sp/fa","10,716"
"/tier1/rc/ne/18SimpleStory5","10,712"
"/d/r/ne/26a","10,709"
"/d/r/ne/309","10,698"
"/tier1/rc/sp/SportRugbyLeague","10,696"
"/tier1/rc/en/05SimpleStory0","10,685"
"/tier1/rc/we/weathermap5day4","10,617"
"/c/tvIp_B1HD_SC","10,606"
"/tv/rc/bridge_BN","10,561"
"/tier1/rc/ne/21SimpleStory1","10,544"
"/d/r/sp/19c","10,532"
"/tier1/rc/we/weatherdurationmenu5","10,500"
"/tier1/rc/ne/18SimpleStory0","10,461"
"/tier1/rc/ne/15SimpleStory6","10,460"
"/d/r/sp/124","10,439"
"/d/r/sp/10b","10,432"
"/tier1/rc/ne/21SimpleStory0","10,429"
"/tier1/rc/ne/18SimpleStory2","10,387"
"/tier1/rc/ne/20SimpleStory1","10,264"
"/d/r/sp/QL","10,262"
"/d/r/sp/1fe","10,253"
"/tier1/rc/ne/15SimpleStory7","10,250"
"/d/r/tr/409","10,249"
"/tier1/rc/ne/18SimpleStory6","10,242"
"/d/r/en/205","10,214"
"/tv/rc/bridge_B2_WA","10,162"
"/d/r/sp/30","10,079"
"/tier1/rc/ne/18SimpleStory1","10,032"
"/tier1/rc/we/weathermap24hour7","10,006"
"/tier1/rc/ne/21SimpleStory2","10,000"
"/tier1/rc/ne/20SimpleStory0","9,994"
"/tv/rc/bridge_B4HD","9,994"
"/d/r/sp/332","9,981"
"/d/r/ne/3f","9,946"
"/d/r/sp/HLN","9,924"
"/tier1/rc/ne/18SimpleStory7","9,907"
"/d/r/sp/HKT","9,878"
"/d/r/sp/1da","9,844"
"/tier1/rc/we/weathermap5day2","9,830"
"/d/r/sp/36a","9,813"
"/tier1/rc/we/weatherworldmenu","9,791"
"/tier1/rc/ne/NewsUKRegionsSouthWestDevon","9,730"
"/d/r/en/aa","9,725"
"/d/r/ne/138","9,718"
"/d/r/ne/d7","9,686"
"/d/r/sp/HLQ","9,642"
"/d/r/ne/137","9,626"
"/d/r/sp/11","9,598"
"/d/r/tr/412","9,589"
"/tier1/rc/sp/108SimpleStory2","9,577"
"/d/r/sp/1ff","9,488"
"/tier1/rc/sp/98SimpleStory7","9,476"
"/tier1/rc/ne/21SimpleStory3","9,417"
"/d/r/ne/139","9,408"
"/tier1/rc/we/weathermap24hour6","9,403"
"/d/r/tr/3ee","9,384"
"/d/r/en/191","9,363"
"/tier1/rc/ne/NewsUKRegionsSouthWestCornwall","9,357"
"/d/r/ne/2a6","9,277"
"/d/r/sp/93","9,254"
"/tier1/rc/ne/NewsUKRegionsSouthEastSurrey","9,239"
"/d/r/tr/40e","9,185"
"/d/r/ne/38","9,183"
"/tier1/rc/ne/20SimpleStory2","9,170"
"/d/r/sp/2c9","9,166"
"/tier1/rc/ne/21SimpleStory4","9,147"
"/d/r/ne/40","9,053"
"/tv/rc/tvIp_B1HD_SC","8,966"
"/tier1/rc/sp/SportOtherSportSport2Headlines","8,957"
"/tier1/rc/we/weathermap5day5","8,947"
"/d/r/ne/42","8,928"
"/d/r/ne/41","8,927"
"/tier1/rc/ne/18SimpleStory8","8,924"
"/tv/rc/bridge_B2_SC","8,888"
"/d/r/sp/222","8,848"
"/d/r/ne/48","8,821"
"/tier1/rc/sp/107SimpleStory0","8,799"
"/tier1/rc/ne/NewsUKRegionsEastNorfolk","8,776"
"/tier1/rc/ne/NewsUKRegionsSouthHampshireAndIow","8,754"
"/tier1/rc/sp/SportFootballTablessub1","8,699"
"/tier1/rc/ne/NewsUKRegionsNorthEastTyne","8,696"
"/d/r/sp/8d","8,686"
"/tier1/rc/we/weathersummarytext2","8,634"
"/tier1/rc/ne/NewsUKRegionsYorkLincsLeedsAndWestYorks","8,628"
"/tier1/rc/ne/NewsUKRegionsSouthDorset","8,621"
"/b/bridge_CBBCHD","8,614"
"/d/r/ne/ff","8,606"
"/d/r/sp/369","8,562"
"/tier1/rc/ne/NewsUKRegionsYorkLincsSheffieldAndSouthYorks","8,546"
"/d/r/we/HRJ","8,545"
"/tier1/rc/we/weathersummarytext1","8,537"
"/tier1/rc/sp/114SimpleStory0","8,509"
"/tier1/rc/sp/100SimpleStory4","8,497"
"/tier1/rc/ne/NewsUKRegionsEastEssex","8,481"
"/d/r/sp/2d8","8,476"
"/d/r/ne/2a8","8,467"
"/tier1/rc/tr/ram0","8,459"
"/tier1/rc/ne/20SimpleStory4","8,456"
"/tier1/rc/sp/115SimpleStory0","8,456"
"/tier1/rc/sp/SportRugbyUnionHeadlinessub1","8,407"
"/tier1/rc/we/weathersummarytext3","8,373"
"/d/r/tr/421","8,364"
"/tier1/rc/ne/NewsUKRegionsWestMidlandsBirmAndBlack","8,340"
"/d/r/tr/40a","8,331"
"/b/bridge_R1","8,310"
"/d/r/sp/298","8,310"
"/tier1/rc/we/weatherworld1","8,285"
"/tier1/rc/ne/16SimpleStory7","8,283"
"/tier1/rc/en/23SimpleStory9","8,223"
"/tier1/rc/ne/20SimpleStory3","8,218"
"/d/r/ne/d6","8,203"
"/d/r/sp/HJP","8,194"
"/tier1/rc/sp/SportRugbyLeagueHeadlines","8,170"
"/tier1/rc/ne/21SimpleStory5","8,169"
"/tier1/rc/ne/22SimpleStory0","8,111"
"/tier1/rc/we/weathermap24hour4","8,038"
"/tier1/rc/sp/SportMotorSportStandings","7,968"
"/tier1/rc/ne/NewsUKRegionsYorkLincsYorkAndNorthYorks","7,890"
"/tier1/rc/sp/100SimpleStory5","7,815"
"/d/r/sp/13","7,782"
"/d/r/ne/1a9","7,776"
"/tier1/rc/ne/22SimpleStory2","7,762"
"/c/tvIp_R3","7,750"
"/d/r/ne/2f0","7,748"
"/d/r/ne/d5","7,744"
"/tier1/rc/ne/NewsUKRegionsEastSuffolk","7,728"
"/tier1/rc/ne/18SimpleStory9","7,698"
"/d/r/en/192","7,592"
"/tier1/rc/ne/22SimpleStory1","7,566"
"/tier1/rc/sp/SportMotorSportCalendar","7,564"
"/d/r/sp/122","7,555"
"/b/bridge_R5SX","7,520"
"/tier1/rc/sp/114SimpleStory1","7,512"
"/d/r/en/193","7,507"
"/d/r/sp/10a","7,487"
"/tier1/rc/ne/21SimpleStory6","7,482"
"/d/r/sp/100","7,480"
"/tier1/rc/sp/SportOtherSportSport4","7,454"
"/tier1/rc/tr/rem1","7,445"
"/tier1/rc/ne/22SimpleStory3","7,371"
"/tier1/rc/ne/NewsUKRegionsLondonsub1","7,371"
"/d/r/sp/189","7,355"
"/tier1/rc/ne/NewsUKRegionsSouthWestBristol","7,354"
"/c/tvIp_R1","7,342"
"/b/bridge_R4EX","7,298"
"/tier1/rc/we/weathermap24hour2","7,287"
"/tier1/rc/ne/NewsUKRegionsEastBedsHertsAndBucks","7,263"
"/tier1/rc/sp/124SimpleStory0","7,253"
"/tier1/rc/ne/22SimpleStory4","7,250"
"/tier1/rc/we/weatherdurationmenu1","7,236"
"/tier1/rc/ne/NewsUKRegionsSouthWestSomerset","7,154"
"/tier1/rc/ne/NewsUKRegionsYorkLincsLincolnshire","7,150"
"/tier1/rc/we/weathermap24hour5","7,137"
"/d/r/sp/366","7,117"
"/d/r/ne/47","7,100"
"/tier1/rc/sp/105SimpleStory5","7,080"
"/radio/rc/tv_R2","7,038"
"/tier1/rc/sp/SportTennisResults","6,985"
"/d/r/sp/234","6,966"
"/tier1/rc/sp/SportOtherSportSport4Headlines","6,959"
"/tier1/rc/ne/20SimpleStory5","6,942"
"/tier1/rc/we/weathersummarytable","6,920"
"/d/r/tr/410","6,905"
"/tier1/rc/ne/NewsUKRegionsScotlandEdinburghEastAndFife","6,899"
"/tier1/rc/sp/SportRegionalScotland","6,841"
"/d/r/tr/396","6,832"
"/d/r/sp/50","6,800"
"/d/r/sp/HJG","6,772"
"/tier1/rc/ne/21SimpleStory7","6,751"
"/tier1/rc/ne/NewsUKRegionsNorthEastTees","6,750"
"/tier1/rc/sp/114SimpleStory2","6,713"
"/d/r/tr/39c","6,569"
"/d/r/tr/420","6,564"
"/tier1/rc/sp/SportTennisResultsMen","6,560"
"/tier1/rc/ne/16SimpleStory9","6,559"
"/tier1/rc/ne/22SimpleStory5","6,516"
"/c/tvIp_CBBC","6,491"
"/d/r/sp/1e5","6,473"
"/d/r/ne/fd","6,470"
"/tier1/rc/sp/107SimpleStory1","6,441"
"/d/r/sp/2","6,400"
"/tier1/rc/sp/SportCricketHeadlinessub1","6,399"
"/tier1/rc/ne/NewsUKRegionsSouthEastSussex","6,383"
"/tier1/rc/ne/32SimpleStory0","6,379"
"/tier1/rc/ne/29SimpleStory0","6,369"
"/tier1/rc/ne/NewsUKRegionsEastCambridgeshire","6,368"
"/d/r/sp/24e","6,345"
"/c/tvIp_B2_WA","6,343"
"/tier1/rc/sp/114SimpleStory3","6,340"
"/tier1/rc/ne/NewsUKRegionsYorkLincsHumberside","6,339"
"/d/r/sp/HLT","6,278"
"/tier1/rc/sp/115SimpleStory1","6,269"
"/tier1/rc/sp/98SimpleStory8","6,220"
"/tier1/rc/ne/NewsUKRegionsScotlandHighlandsAndIslands","6,164"
"/d/r/sp/19d","6,109"
"/b/bridge_R6MU","6,041"
"/tier1/rc/sp/114SimpleStory4","6,035"
"/tier1/rc/ne/22SimpleStory6","6,034"
"/tier1/rc/ne/NewsUKRegionsEastMidlandsDerby","6,022"
"/tier1/rc/ne/73SimpleStory0","6,012"
"/tier1/rc/ne/20SimpleStory6","6,005"
"/d/r/tr/3a8","5,962"
"/c/tvIp_B1HD_WA","5,947"
"/tier1/rc/sp/124SimpleStory1","5,932"
"/d/r/sp/19e","5,931"
"/d/r/ne/fc","5,930"
"/d/r/ne/1cf","5,916"
"/d/r/sp/e7","5,908"
"/d/r/sp/4","5,880"
"/tv/rc/tv_B1_EN","5,879"
"/tier1/rc/ne/31SimpleStory0","5,856"
"/tier1/rc/ne/32SimpleStory1","5,856"
"/d/r/sp/299","5,850"
"/tier1/rc/ne/73SimpleStory1","5,807"
"/tier1/rc/ne/NewsUKRegionsSouthWestWiltshire","5,799"
"/tier1/rc/we/weathermap5day1","5,774"
"/d/r/tr/3e5","5,771"
"/c/tv_BN","5,756"
"/d/r/sp/1","5,755"
"/d/r/sp/1a8","5,749"
"/tier1/rc/sp/SportRegionssub1","5,748"
"/tier1/rc/ne/NewsUKRegionsSouthWestGloucestershire","5,741"
"/d/r/sp/102","5,733"
"/tier1/rc/ne/22SimpleStory7","5,704"
"/tier1/rc/ne/30SimpleStory0","5,701"
"/tier1/rc/ne/73SimpleStory2","5,677"
"/tier1/rc/ne/73SimpleStory3","5,647"
"/tier1/rc/ne/73SimpleStory4","5,645"
"/d/r/sp/5","5,642"
"/d/r/sp/2ac","5,551"
"/tier1/rc/ne/NewsUKRegionsWestMidlandsStokeAndStaffordshire","5,547"
"/d/r/ne/fb","5,531"
"/c/tvIp_R4EX","5,519"
"/d/r/sp/6","5,504"
"/tier1/rc/ne/32SimpleStory2","5,504"
"/d/r/sp/300","5,481"
"/tier1/rc/ne/NewsUKRegionsEastMidlandsNottingham","5,477"
"/c/tvIp_B2_NI","5,475"
"/tier1/rc/ne/20SimpleStory7","5,475"
"/tier1/rc/ne/89SimpleStory0","5,451"
"/d/r/sp/1a6","5,434"
"/tier1/rc/ne/NewsUKRegionsWalesNorthWest","5,402"
"/tier1/rc/sp/114SimpleStory5","5,396"
"/tier1/rc/sp/107SimpleStory2","5,384"
"/tier1/rc/ne/31SimpleStory1","5,362"
"/tier1/rc/ne/22SimpleStory8","5,343"
"/d/r/tr/41b","5,342"
"/d/r/sp/14c","5,334"
"/tier1/rc/ne/73SimpleStory5","5,330"
"/c/tvIp_B1HD_NI","5,265"
"/tier1/rc/ne/21SimpleStory8","5,251"
"/d/r/sp/ef","5,171"
"/d/r/ne/2c5","5,169"
"/c/tvIp_CBBCHD","5,126"
"/d/r/sp/7","5,125"
"/tier1/rc/ne/NewsUKRegionsScotlandNEOrkneyAndShetland","5,123"
"/tier1/rc/ne/NewsUKRegionsWestMidlandsHerefordAndWorcester","5,110"
"/d/r/sp/1e4","5,099"
"/tier1/rc/ne/89SimpleStory2","5,099"
"/tier1/rc/ne/89SimpleStory3","5,097"
"/d/r/sp/3","5,085"
"/d/r/sp/2e","5,077"
"/tier1/rc/ne/31SimpleStory2","5,077"
"/tier1/rc/ne/NewsUKRegionsScotlandTaysideAndCentral","5,074"
"/d/r/sp/HLI","5,073"
"/tier1/rc/ne/89SimpleStory1","5,073"
"/tier1/rc/ne/89SimpleStory4","5,072"
"/tier1/rc/ne/73SimpleStory6","5,068"
"/tier1/rc/ne/NewsUKRegionsIsleOfManAndChannels","5,046"
"/tier1/rc/ne/32SimpleStory3","5,033"
"/tier1/rc/ne/22SimpleStory9","4,989"
"/tier1/rc/ne/29SimpleStory1","4,988"
"/tier1/rc/ne/NewsUKRegionsSouthBerkshire","4,951"
"/tier1/rc/ne/43SimpleStory0","4,932"
"/tier1/rc/ne/20SimpleStory8","4,926"
"/tv/rc/bridge_B2_EN","4,914"
"/tier1/rc/sp/108SimpleStory3","4,899"
"/tier1/rc/ne/30SimpleStory1","4,865"
"/tier1/rc/ne/73SimpleStory7","4,864"
"/tier1/rc/sp/100SimpleStory11","4,857"
"/tier1/rc/ne/NewsUKRegionsNorthernIrelandsub1","4,853"
"/d/r/sp/160","4,848"
"/tier1/rc/sp/114SimpleStory6","4,808"
"/tier1/rc/sp/SportOtherSportSport1Headlines","4,805"
"/tier1/rc/ne/72SimpleStory0","4,793"
"/d/r/ne/264","4,792"
"/c/tvIp_R6MU","4,779"
"/d/r/sp/218","4,772"
"/radio/rc/tv_R4FM","4,761"
"/d/r/sp/1a7","4,750"
"/tier1/rc/ne/89SimpleStory5","4,748"
"/tier1/rc/ne/NewsUKRegionsScotlandGlasgowAndWest","4,747"
"/tier1/rc/ne/63SimpleStory0","4,746"
"/tier1/rc/ne/NewsUKRegionsEastMidlandsLeicester","4,736"
"/tier1/rc/ne/56SimpleStory0","4,696"
"/tier1/rc/sp/107SimpleStory3","4,694"
"/tier1/rc/sp/SportRegionalWales","4,684"
"/tier1/rc/ne/NewsUKRegionsWestMidlandsCovAndWarwickshire","4,672"
"/tier1/rc/ne/43SimpleStory1","4,644"
"/tier1/rc/ne/73SimpleStory8","4,643"
"/tier1/rc/we/weathermap24hour1","4,630"
"/d/r/sp/e6","4,602"
"/tier1/rc/sp/112SimpleStory3","4,593"
"/d/r/sp/343","4,574"
"/tier1/rc/ne/30SimpleStory2","4,569"
"/tier1/rc/ne/89SimpleStory6","4,543"
"/b/bridge_ULSR","4,524"
"/tier1/rc/sp/124SimpleStory2","4,519"
"/tier1/rc/sp/98SimpleStory9","4,513"
"/d/r/sp/2b7","4,509"
"/tier1/rc/ne/73SimpleStory9","4,504"
"/d/r/sp/30b","4,496"
"/d/r/tr/398","4,492"
"/tier1/rc/ne/NewsUKRegionsWalesSouthEast","4,489"
"/tier1/rc/ne/38SimpleStory0","4,483"
"/tier1/rc/ne/31SimpleStory3","4,481"
"/d/r/sp/39","4,477"
"/tier1/rc/ne/20SimpleStory9","4,469"
"/d/r/sp/1ce","4,468"
"/tier1/rc/ne/NewsUKRegionsScotlandSouth","4,466"
"/tier1/rc/ne/17SimpleStory3","4,450"
"/tier1/rc/ne/69SimpleStory0","4,416"
"/tier1/rc/sp/SportGolfScores","4,416"
"/tier1/rc/sp/100SimpleStory6","4,411"
"/d/r/sp/28","4,407"
"/tier1/rc/sp/SportRugbyUnionResultsandFixtures","4,401"
"/tier1/rc/we/weathersummarytext4","4,396"
"/tier1/rc/ne/43SimpleStory2","4,395"
"/tier1/rc/ne/61SimpleStory0","4,394"
"/tier1/rc/ne/63SimpleStory1","4,379"
"/tier1/rc/ne/NewsUKRegionsWalesSouthWest","4,348"
"/d/r/tr/416","4,343"
"/tier1/rc/ne/89SimpleStory7","4,336"
"/d/r/sp/8","4,323"
"/tier1/rc/ne/35SimpleStory0","4,310"
"/tier1/rc/ne/NewsUKRegionsWestMidlandsShropshire","4,275"
"/b/bridge_ALBA","4,274"
"/tier1/rc/ne/68SimpleStory0","4,272"
"/tier1/rc/ne/NewsUKRegionsSouthOxford","4,266"
"/c/tv_B2_EN","4,262"
"/tier1/rc/sp/149SimpleStory0","4,259"
"/tier1/rc/ne/55SimpleStory0","4,253"
"/tier1/rc/sp/107SimpleStory4","4,238"
"/tier1/rc/ne/29SimpleStory2","4,207"
"/tier1/rc/sp/SportRugbyUnionTables","4,179"
"/d/r/sp/1e6","4,167"
"/tier1/rc/ne/NewsUKRegionsWalesMid","4,155"
"/tier1/rc/sp/SportOtherSportSport6","4,146"
"/tier1/rc/ne/74SimpleStory0","4,120"
"/tier1/rc/sp/98SimpleStory10","4,113"
"/tier1/rc/ne/69SimpleStory1","4,088"
"/tier1/rc/sp/SportOtherSportSport6Headlines","4,087"
"/tier1/rc/sp/SportRegionalScotlandsub1","4,087"
"/tier1/rc/sp/115SimpleStory2","4,067"
"/d/r/sp/236","4,047"
"/tier1/rc/ne/40SimpleStory0","4,039"
"/tv/rc/bridge_BPMT","4,022"
"/tier1/rc/ne/64SimpleStory0","4,021"
"/tier1/rc/sp/114SimpleStory7","4,014"
"/tier1/rc/ne/38SimpleStory1","4,009"
"/tier1/rc/ne/61SimpleStory1","3,981"
"/tier1/rc/ne/56SimpleStory1","3,978"
"/tier1/rc/tr/mom1","3,971"
"/d/r/sp/9b","3,964"
"/tier1/rc/ne/43SimpleStory3","3,962"
"/tier1/rc/ne/30SimpleStory3","3,948"
"/tier1/rc/ne/72SimpleStory1","3,943"
"/radio/rc/bridge_R2","3,942"
"/tier1/rc/ne/63SimpleStory2","3,941"
"/tier1/rc/ne/65SimpleStory0","3,941"
"/tier1/rc/ne/89SimpleStory8","3,940"
"/tier1/rc/sp/119SimpleStory0","3,936"
"/tier1/rc/we/weatherwarnings","3,924"
"/tier1/rc/sp/SportTennisScores","3,895"
"/d/r/tr/426","3,876"
"/d/r/sp/2b0","3,872"
"/tier1/rc/ne/NewsUKRegionsWalesNorthEast","3,872"
"/d/r/sp/123","3,865"
"/tier1/rc/sp/100SimpleStory18","3,857"
"/tier1/rc/ne/NewsUKRegionsEastMidlandsNorthampton","3,854"
"/tier1/rc/ne/35SimpleStory1","3,835"
"/radio/rc/bridge_R5LI","3,808"
"/tier1/rc/ne/NewsUKRegionsIsleOfManAndChannelsIsleOfMan","3,800"
"/tier1/rc/sp/108SimpleStory0","3,797"
"/tier1/rc/ne/21SimpleStory9","3,778"
"/tier1/rc/ne/69SimpleStory2","3,765"
"/tier1/rc/sp/153SimpleStory0","3,758"
"/tier1/rc/sp/98SimpleStory11","3,746"
"/d/r/sp/203","3,728"
"/tier1/rc/ne/61SimpleStory2","3,717"
"/d/r/he/h13","3,714"
"/d/r/sp/6d","3,706"
"/d/r/ne/23","3,699"
"/tier1/rc/ne/56SimpleStory2","3,695"
"/d/r/sp/9","3,691"
"/d/r/tr/3f7","3,684"
"/d/r/sp/9e","3,677"
"/tier1/rc/sp/SportGolfResults","3,677"
"/tier1/rc/sp/100SimpleStory7","3,670"
"/tier1/rc/sp/114SimpleStory8","3,667"
"/d/r/sp/e8","3,649"
"/d/r/sp/9c","3,597"
"/d/r/ne/25d","3,583"
"/d/r/sp/12a","3,579"
"/d/r/sp/9d","3,576"
"/tier1/rc/sp/SportTennisScoresMen","3,572"
"/tier1/rc/ne/63SimpleStory3","3,561"
"/tier1/rc/ne/68SimpleStory1","3,554"
"/c/tvIp_BPMT","3,511"
"/tier1/rc/en/03SimpleStory1","3,506"
"/tier1/rc/ne/41SimpleStory0","3,505"
"/tier1/rc/ne/35SimpleStory2","3,491"
"/tier1/rc/ne/16SimpleStory5","3,473"
"/tier1/rc/ne/40SimpleStory1","3,470"
"/tier1/rc/ne/29SimpleStory3","3,460"
"/tier1/rc/ne/38SimpleStory2","3,449"
"/d/r/tr/3b0","3,420"
"/tier1/rc/ne/72SimpleStory2","3,416"
"/tier1/rc/sp/100SimpleStory8","3,416"
"/tier1/rc/ne/74SimpleStory1","3,415"
"/d/r/ra/Mcm1","3,400"
"/tier1/rc/ne/64SimpleStory1","3,397"
"/d/r/sp/217","3,393"
"/tier1/rc/ne/54SimpleStory0","3,392"
"/tier1/rc/sp/149SimpleStory1","3,392"
"/d/r/sp/3a","3,388"
"/tier1/rc/ne/55SimpleStory1","3,386"
"/tier1/rc/ne/37SimpleStory0","3,369"
"/tier1/rc/ne/34SimpleStory0","3,354"
"/tier1/rc/ne/61SimpleStory3","3,347"
"/d/r/en/376","3,334"
"/tier1/rc/ne/69SimpleStory3","3,332"
"/tier1/rc/tr/fem0","3,332"
"/d/r/sp/237","3,315"
"/d/r/sp/f0","3,303"
"/tier1/rc/ne/65SimpleStory1","3,297"
"/d/r/sp/3b","3,288"
"/d/r/sp/1d","3,276"
"/tier1/rc/sp/SportFootballScoressub1","3,276"
"/tier1/rc/ne/39SimpleStory0","3,274"
"/d/r/tr/428","3,272"
"/tier1/rc/sp/100SimpleStory9","3,271"
"/tier1/rc/sp/98SimpleStory12","3,268"
"/tier1/rc/sp/124SimpleStory3","3,265"
"/tier1/rc/sp/107SimpleStory5","3,259"
"/tier1/rc/sp/137SimpleStory0","3,249"
"/tier1/rc/sp/SportCricketFixtures","3,248"
"/d/r/sp/24a","3,242"
"/tier1/rc/ne/89SimpleStory9","3,239"
"/d/r/sp/6e","3,227"
"/d/r/sp/2b6","3,222"
"/tier1/rc/sp/100SimpleStory14","3,216"
"/tier1/rc/sp/SportFootballFinalsFixtures","3,185"
"/c/tv_B1HD_EN","3,174"
"/tier1/rc/ne/16SimpleStory4","3,174"
"/tier1/rc/ne/38SimpleStory3","3,169"
"/tier1/rc/sp/155SimpleStory0","3,130"
"/tier1/rc/ne/74SimpleStory2","3,114"
"/tier1/rc/ne/54SimpleStory1","3,111"
"/b/bridge_BWSR","3,100"
"/b/bridge_1XTA","3,099"
"/tier1/rc/ne/68SimpleStory2","3,095"
"/tier1/rc/sp/114SimpleStory9","3,085"
"/d/r/ne/25c","3,080"
"/tier1/rc/ne/56SimpleStory3","3,074"
"/d/r/sp/95","3,060"
"/tier1/rc/ne/41SimpleStory1","3,057"
"/tier1/rc/ne/55SimpleStory2","3,050"
"/tier1/rc/tr/re02","3,040"
"/tier1/rc/ne/72SimpleStory3","3,030"
"/tier1/rc/ne/40SimpleStory2","3,026"
"/d/r/sp/2af","3,002"
"/tier1/rc/ne/35SimpleStory3","2,999"
"/tier1/rc/sp/SportRugbyLeagueScores","2,995"
"/app/rc/apol_ait_launch","2,987"
"/tier1/rc/sp/98SimpleStory13","2,982"
"/tier1/rc/sp/100SimpleStory21","2,973"
"/d/r/sp/356","2,962"
"/tier1/rc/ne/83SimpleStory0","2,948"
"/tier1/rc/sp/SportRegionalWalessub1","2,932"
"/d/r/ne/25e","2,915"
"/d/r/tr/415","2,913"
"/tier1/rc/sp/119SimpleStory1","2,907"
"/d/r/sp/9f","2,903"
"/tier1/rc/sp/115SimpleStory3","2,896"
"/tier1/rc/sp/SportFootballTablessub2","2,889"
"/tier1/rc/ne/54SimpleStory2","2,885"
"/tier1/rc/ne/65SimpleStory2","2,885"
"/tier1/rc/sp/107SimpleStory6","2,883"
"/tier1/rc/sp/SportOtherSportSport3","2,878"
"/tier1/rc/ne/74SimpleStory3","2,871"
"/tier1/rc/ne/62SimpleStory0","2,842"
"/c/tvIp_SCOT","2,831"
"/tier1/rc/sp/137SimpleStory1","2,824"
"/tier1/rc/ne/64SimpleStory2","2,819"
"/d/r/ne/22","2,805"
"/tier1/rc/sp/SportOtherSportSport3Headlines","2,805"
"/tier1/rc/ne/83SimpleStory1","2,804"
"/d/r/tr/419","2,795"
"/d/r/ra/Mt40a","2,785"
"/tier1/rc/ne/39SimpleStory1","2,782"
"/tier1/rc/sp/100SimpleStory10","2,778"
"/tier1/rc/sp/105SimpleStory6","2,768"
"/tier1/rc/sp/SportTennisHeadlinessub1","2,762"
"/tier1/rc/ne/41SimpleStory2","2,742"
"/tier1/rc/ne/34SimpleStory1","2,734"
"/d/r/sp/323","2,724"
"/d/r/en/147","2,705"
"/tier1/rc/ne/47SimpleStory0","2,703"
"/tier1/rc/ne/68SimpleStory3","2,697"
"/d/r/sp/24c","2,693"
"/tier1/rc/ne/37SimpleStory1","2,653"
"/tier1/rc/sp/155SimpleStory1","2,649"
"/tier1/rc/tr/ram1","2,646"
"/d/r/sp/2ad","2,645"
"/tier1/rc/ne/83SimpleStory2","2,645"
"/tier1/rc/ne/52SimpleStory0","2,632"
"/tier1/rc/ne/40SimpleStory3","2,628"
"/tier1/rc/ne/62SimpleStory1","2,618"
"/tier1/rc/ne/49SimpleStory0","2,614"
"/d/r/sp/2b1","2,612"
"/tier1/rc/ne/55SimpleStory3","2,604"
"/d/r/tr/427","2,597"
"/tier1/rc/sp/119SimpleStory2","2,597"
"/d/r/en/318","2,586"
"/d/r/sp/2f","2,581"
"/tier1/rc/sp/137SimpleStory2","2,579"
"/radio/rc/bridge_R4FM","2,575"
"/d/r/sp/24b","2,556"
"/tier1/rc/ne/54SimpleStory3","2,548"
"/d/r/sp/6f","2,546"
"/r/apol.rc","2,533"
"/tier1/rc/ne/65SimpleStory3","2,529"
"/tv/rc/bridge_B1_NI","2,528"
"/tier1/rc/sp/137SimpleStory4","2,516"
"/tier1/rc/ne/64SimpleStory3","2,500"
"/tier1/rc/ne/39SimpleStory2","2,496"
"/tier1/rc/ne/85SimpleStory0","2,494"
"/d/r/he/h14","2,485"
"/tier1/rc/sp/116SimpleStory0","2,481"
"/tier1/rc/ne/59SimpleStory0","2,477"
"/d/r/sp/36e","2,464"
"/d/r/ra/Mt40s","2,457"
"/tier1/rc/ne/16SimpleStory8","2,457"
"/tier1/rc/ne/85SimpleStory2","2,455"
"/tier1/rc/ne/77SimpleStory0","2,454"
"/tier1/rc/ne/41SimpleStory3","2,445"
"/tier1/rc/ne/83SimpleStory3","2,441"
"/tier1/rc/sp/137SimpleStory3","2,441"
"/tier1/rc/ne/58SimpleStory0","2,438"
"/tier1/rc/ne/85SimpleStory3","2,429"
"/tv/rc/bridge_B1_WA","2,421"
"/tier1/rc/sp/100SimpleStory15","2,418"
"/tier1/rc/ne/16SimpleStory10","2,416"
"/tier1/rc/sp/124SimpleStory4","2,404"
"/tier1/rc/tr/M2","2,401"
"/d/r/ne/24","2,394"
"/d/r/sp/1ab","2,394"
"/tier1/rc/ne/57SimpleStory0","2,388"
"/d/r/sp/3c","2,384"
"/tier1/rc/tr/M3","2,370"
"/tier1/rc/ne/62SimpleStory2","2,369"
"/d/r/en/57","2,353"
"/d/r/en/8a","2,347"
"/d/r/sp/20c","2,347"
"/tier1/rc/ne/34SimpleStory2","2,345"
"/c/tvIp_BWSR","2,333"
"/d/r/sp/1c","2,333"
"/d/r/sp/a0","2,332"
"/tier1/rc/sp/107SimpleStory7","2,329"
"/c/tv_B1_SC","2,327"
"/tv/rc/bridge_B1_SC","2,321"
"/tier1/rc/tr/rem2","2,302"
"/c/tvIp_1XTA","2,291"
"/tier1/rc/sp/137SimpleStory5","2,290"
"/tier1/rc/ne/85SimpleStory1","2,283"
"/tier1/rc/sp/153SimpleStory1","2,267"
"/d/r/en/314","2,262"
"/tier1/rc/ne/88SimpleStory2","2,259"
"/tier1/rc/sp/155SimpleStory2","2,258"
"/tier1/rc/ne/37SimpleStory2","2,257"
"/tier1/rc/ne/47SimpleStory1","2,246"
"/d/r/sp/97","2,242"
"/tier1/rc/ne/88SimpleStory0","2,241"
"/tv/rc/bridge_ALBA","2,235"
"/tier1/rc/sp/149SimpleStory2","2,234"
"/tv/rc/tvIp_B1HD_NI","2,231"
"/d/r/sp/26e","2,210"
"/radio/rc/tv_R5LI","2,195"
"/tier1/rc/tr/ra4","2,193"
"/tier1/rc/ne/77SimpleStory1","2,189"
"/tv/rc/bridge_B4","2,183"
"/tier1/rc/ne/39SimpleStory3","2,166"
"/tier1/rc/tr/re00","2,166"
"/tier1/rc/sp/SportRegionalYorkLincs","2,164"
"/tier1/rc/ne/88SimpleStory1","2,158"
"/tier1/rc/tr/ra3","2,153"
"/tier1/rc/sp/137SimpleStory6","2,150"
"/c/tvIp_R5SX","2,143"
"/tier1/rc/ne/58SimpleStory1","2,143"
"/tier1/rc/ne/50SimpleStory0","2,141"
"/tv/rc/tvIp_B4HD","2,140"
"/tier1/rc/tr/ra1","2,134"
"/tv/rc/tvIp_B2_WA","2,126"
"/tier1/rc/sp/116SimpleStory6","2,123"
"/tier1/rc/sp/155SimpleStory3","2,121"
"/tier1/rc/ne/58SimpleStory2","2,116"
"/tier1/rc/ne/45SimpleStory0","2,115"
"/tier1/rc/ne/52SimpleStory1","2,115"
"/tier1/rc/tr/ra0","2,113"
"/tier1/rc/sp/98SimpleStory14","2,099"
"/d/r/sp/1e1","2,080"
"/tier1/rc/sp/120SimpleStory0","2,073"
"/tier1/rc/tr/ra5","2,059"
"/tier1/rc/tr/ra2","2,057"
"/tier1/rc/sp/105SimpleStory13","2,050"
"/d/r/en/149","2,049"
"/tier1/rc/ne/86SimpleStory2","2,042"
"/tier1/rc/ne/86SimpleStory0","2,036"
"/tier1/rc/ne/49SimpleStory1","2,035"
"/tier1/rc/ne/NewsUKRegionsIsleOfManAndChannelsJersey","2,035"
"/tier1/rc/sp/137SimpleStory7","2,034"
"/tier1/rc/ne/34SimpleStory3","2,027"
"/tier1/rc/sp/147SimpleStory0","2,026"
"/tier1/rc/ne/67SimpleStory0","2,025"
"/tier1/rc/ne/75SimpleStory0","2,024"
"/tv/rc/tvIp_BN","2,024"
"/tier1/rc/sp/119SimpleStory3","2,006"
"/tier1/rc/sp/SportRegionalWestMidlands","2,005"
"/tier1/rc/ne/77SimpleStory2","1,993"
"/tier1/rc/ne/62SimpleStory3","1,983"
"/tv/rc/bridge_B2_NI","1,974"
"/tier1/rc/ne/86SimpleStory1","1,971"
"/d/r/sp/8c","1,967"
"/tier1/rc/ne/47SimpleStory2","1,966"
"/tier1/rc/ne/51SimpleStory0","1,966"
"/tier1/rc/sp/137SimpleStory8","1,962"
"/d/r/tr/3fb","1,958"
"/tier1/rc/ne/86SimpleStory3","1,957"
"/d/r/sp/70","1,952"
"internal://rbPlusLaunchFailure","1,952"
"/tier1/rc/ne/59SimpleStory1","1,948"
"/tier1/rc/sp/141SimpleStory0","1,946"
"/tier1/rc/sp/152SimpleStory0","1,946"
"/tier1/rc/ne/88SimpleStory3","1,943"
"/tier1/rc/ne/NewsUKRegionsIsleOfManAndChannelsGuernsey","1,936"
"/tier1/rc/tr/ra6","1,929"
"/tier1/rc/sp/112SimpleStory4","1,924"
"/d/r/sp/238","1,911"
"/tier1/rc/ne/84SimpleStory0","1,910"
"/tv/rc/tvIp_B2_SC","1,896"
"/tier1/rc/ne/37SimpleStory3","1,894"
"/tier1/rc/ne/52SimpleStory2","1,892"
"/tier1/rc/tr/M0","1,892"
"/tier1/rc/ne/57SimpleStory1","1,872"
"/tier1/rc/ne/50SimpleStory1","1,859"
"/tier1/rc/ne/81SimpleStory0","1,859"
"/tier1/rc/ne/58SimpleStory3","1,853"
"/tier1/rc/en/04SimpleStory1","1,852"
"/d/r/sp/20d","1,845"
"/d/r/en/ce","1,843"
"/tier1/rc/ne/80SimpleStory0","1,842"
"/tier1/rc/tr/ra7","1,836"
"/tier1/rc/ne/81SimpleStory1","1,826"
"/tier1/rc/ne/84SimpleStory1","1,817"
"/d/r/tr/3e6","1,810"
"/tier1/rc/we/weatherworld4","1,806"
"/tier1/rc/ne/81SimpleStory3","1,799"
"/tier1/rc/ne/81SimpleStory2","1,798"
"/tier1/rc/sp/115SimpleStory4","1,797"
"/tier1/rc/ne/49SimpleStory2","1,787"
"/d/r/sp/219","1,786"
"/tier1/rc/ne/10SimpleStory13","1,784"
"/d/r/tr/425","1,782"
"/tier1/rc/ne/84SimpleStory2","1,779"
"/d/r/sp/368","1,778"
"/d/r/en/cf","1,775"
"/tier1/rc/ne/77SimpleStory3","1,770"
"/tv/rc/tv_BNHD","1,769"
"/d/r/en/cd","1,760"
"/tier1/rc/ne/84SimpleStory3","1,760"
"/tier1/rc/sp/117SimpleStory0","1,757"
"/tier1/rc/en/03SimpleStory2","1,756"
"/tier1/rc/ne/67SimpleStory1","1,756"
"/tier1/rc/ne/80SimpleStory1","1,735"
"/d/r/sp/2eb","1,730"
"/tier1/rc/sp/141SimpleStory1","1,728"
"/tier1/rc/sp/146SimpleStory1","1,724"
"/tier1/rc/tr/re14","1,709"
"/tier1/rc/sp/137SimpleStory9","1,703"
"/tier1/rc/ne/80SimpleStory2","1,702"
"/tier1/rc/sp/100SimpleStory19","1,699"
"/d/r/sp/3d","1,698"
"/tier1/rc/sp/141SimpleStory2","1,697"
"/tier1/rc/ne/70SimpleStory0","1,693"
"/tier1/rc/sp/141SimpleStory4","1,691"
"/tier1/rc/tr/ra8","1,686"
"/tier1/rc/ne/47SimpleStory3","1,681"
"/d/r/sp/29a","1,679"
"/tier1/rc/tr/tum0","1,675"
"/tier1/rc/sp/141SimpleStory3","1,673"
"/tier1/rc/ne/59SimpleStory2","1,671"
"/tier1/rc/ne/57SimpleStory2","1,670"
"/tier1/rc/ne/80SimpleStory3","1,660"
"/tier1/rc/sp/SportRegionalEastMidlands","1,659"
"/tier1/rc/sp/107SimpleStory8","1,658"
"/tier1/rc/ne/51SimpleStory1","1,655"
"/tier1/rc/tr/re13","1,655"
"/tier1/rc/tr/M1","1,654"
"/tier1/rc/ne/67SimpleStory2","1,648"
"/d/r/sp/2db","1,645"
"/tier1/rc/ne/50SimpleStory2","1,643"
"/d/r/sp/29f","1,639"
"/d/r/ne/1dd","1,635"
"/tier1/rc/tr/re16","1,635"
"/tier1/rc/ne/52SimpleStory3","1,629"
"/tier1/rc/sp/SportRegionalEast","1,629"
"/tier1/rc/sp/153SimpleStory2","1,628"
"/d/r/sp/367","1,622"
"/d/r/sp/337","1,618"
"/tier1/rc/sp/141SimpleStory5","1,617"
"/tier1/rc/sp/124SimpleStory5","1,614"
"/tier1/rc/sp/SportRegionalNorthWest","1,610"
"/tier1/rc/sp/SportRugbyLeagueResultsandFixtures","1,609"
"/tier1/rc/ne/75SimpleStory1","1,598"
"/tier1/rc/ne/91SimpleStory0","1,589"
"/tier1/rc/sp/157SimpleStory0","1,584"
"/tier1/rc/sp/155SimpleStory4","1,572"
"/tier1/rc/ne/70SimpleStory1","1,571"
"/c/tvIp_ULSR","1,569"
"/tier1/rc/we/weatherworld2","1,569"
"/tier1/rc/sp/155SimpleStory5","1,567"
"/tier1/rc/tr/fe0","1,554"
"/tier1/rc/ne/49SimpleStory3","1,552"
"/tier1/rc/en/EntertainmentLotteryGame4","1,551"
"/tier1/rc/tr/M4","1,545"
"/d/r/he/HI1","1,542"
"/d/r/tr/424","1,540"
"/tier1/rc/ne/45SimpleStory1","1,535"
"/tier1/rc/en/EntertainmentLotteryGame3","1,523"
"/d/r/sp/101","1,520"
"/tier1/rc/sp/141SimpleStory6","1,520"
"/tier1/rc/tr/re06","1,517"
"/tier1/rc/ne/75SimpleStory2","1,512"
"/tier1/rc/sp/149SimpleStory3","1,511"
"/tier1/rc/ne/59SimpleStory3","1,510"
"/tier1/rc/ne/57SimpleStory3","1,502"
"/tier1/rc/ne/44SimpleStory0","1,497"
"/radio/rc/tv_R3","1,496"
"/tier1/rc/ne/87SimpleStory0","1,491"
"/tier1/rc/sp/100SimpleStory17","1,488"
"/tier1/rc/sp/100SimpleStory16","1,478"
"/tier1/rc/ne/87SimpleStory1","1,469"
"/tier1/rc/ne/87SimpleStory2","1,462"
"/tier1/rc/sp/108SimpleStory4","1,458"
"/tier1/rc/sp/SportRugbyUnionTablessub1","1,446"
"/tier1/rc/ne/87SimpleStory3","1,425"
"/tier1/rc/sp/116SimpleStory1","1,417"
"/tier1/rc/sp/SportTennisRankingsMen","1,414"
"/tier1/rc/ne/51SimpleStory2","1,413"
"/d/r/sp/246","1,411"
"/tier1/rc/tr/M8","1,410"
"/b/bridge_LDN","1,408"
"/tier1/rc/tr/M7","1,407"
"/tier1/rc/ne/50SimpleStory3","1,395"
"/tier1/rc/ne/67SimpleStory3","1,391"
"/tier1/rc/ne/46SimpleStory0","1,389"
"/tier1/rc/ne/79SimpleStory0","1,383"
"/tier1/rc/sp/141SimpleStory7","1,382"
"/tier1/rc/sp/SportRegionalSouthEast","1,378"
"/d/r/sp/2a0","1,375"
"/tier1/rc/ne/45SimpleStory2","1,375"
"/tier1/rc/ne/78SimpleStory0","1,367"
"/c/tv_B1_NI","1,364"
"/tier1/rc/sp/141SimpleStory8","1,364"
"/tier1/rc/ne/79SimpleStory1","1,357"
"/c/tv_B1_WA","1,353"
"/tier1/rc/tr/ra9","1,341"
"/tier1/rc/ne/79SimpleStory2","1,340"
"/tier1/rc/tr/re15","1,334"
"/tier1/rc/sp/119SimpleStory4","1,333"
"/tier1/rc/sp/147SimpleStory1","1,331"
"/tier1/rc/en/07SimpleStory0","1,329"
"/tier1/rc/ne/70SimpleStory2","1,319"
"/tier1/rc/sp/SportRegionalNorthEast","1,315"
"/tier1/rc/ne/75SimpleStory3","1,308"
"/tier1/rc/sp/123SimpleStory0","1,307"
"/d/r/tr/407","1,303"
"/tier1/rc/sp/115SimpleStory5","1,303"
"/tier1/rc/ne/44SimpleStory1","1,296"
"/d/r/tr/3ed","1,295"
"/d/r/sp/187","1,292"
"/tier1/rc/tr/re04","1,292"
"/tier1/rc/tr/re08","1,292"
"/d/r/tr/418","1,276"
"/tier1/rc/sp/SportRegionalSouthWest","1,272"
"/tier1/rc/ne/51SimpleStory3","1,271"
"/tier1/rc/sp/141SimpleStory9","1,259"
"/tier1/rc/en/06SimpleStory0","1,257"
"/tier1/rc/sp/SportGolfRankingsMen","1,243"
"/tier1/rc/en/05SimpleStory1","1,242"
"/tier1/rc/sp/124SimpleStory6","1,241"
"/tier1/rc/en/03SimpleStory3","1,239"
"/b/bridge_WALE","1,231"
"/tier1/rc/sp/100SimpleStory20","1,220"
"/d/r/ra/Mpm","1,215"
"/tier1/rc/sp/152SimpleStory1","1,214"
"/tier1/rc/ne/78SimpleStory1","1,202"
"/tier1/rc/tr/re05","1,200"
"/d/r/sp/345","1,191"
"/tier1/rc/ne/70SimpleStory3","1,187"
"/tier1/rc/sp/SportGolfCalendar","1,172"
"/tier1/rc/ne/79SimpleStory3","1,166"
"/tier1/rc/ne/78SimpleStory2","1,165"
"/tier1/rc/ne/45SimpleStory3","1,160"
"/tier1/rc/ne/91SimpleStory1","1,149"
"/tier1/rc/tr/M9","1,140"
"/tier1/rc/tr/re10","1,139"
"/d/r/sp/1e0","1,128"
"/tier1/rc/sp/SportRegionalNorthernIreland","1,123"
"/tier1/rc/ne/44SimpleStory2","1,116"
"/tier1/rc/ne/46SimpleStory1","1,115"
"/tier1/rc/sp/151SimpleStory0","1,109"
"/tier1/rc/sp/117SimpleStory2","1,108"
"/tier1/rc/sp/SportRegionalWest","1,104"
"/d/r/sp/241","1,102"
"/tier1/rc/en/03SimpleStory5","1,099"
"/tier1/rc/ne/78SimpleStory3","1,096"
"/tier1/rc/sp/117SimpleStory1","1,094"
"/tier1/rc/sp/157SimpleStory1","1,088"
"/tier1/rc/tr/re03","1,081"
"/tier1/rc/sp/107SimpleStory9","1,075"
"/tier1/rc/sp/SportRegionalSouth","1,071"
"/tier1/rc/tr/ra10","1,070"
"/tier1/rc/en/03SimpleStory4","1,057"
"/tier1/rc/tr/fe1","1,048"
"/b/bridge_FOYL","1,039"
"/tier1/rc/sp/153SimpleStory3","1,037"
"/d/r/ra/Mra","1,019"
"/tv/rc/tvIp_B2_EN","1,015"
"/tier1/rc/we/weatherworld3","1,013"
"/b/bridge_BANR","1,010"
"/tier1/rc/ne/44SimpleStory3","1,007"
"/tier1/rc/tr/re09","1,005"
"/tier1/rc/sp/124SimpleStory7","1,000"
"/tier1/rc/tr/M6","996"
"/tier1/rc/sp/115SimpleStory6","990"
"/radio/rc/bridge_R3","986"
"/d/r/ra/Mds","985"
"/tier1/rc/sp/SportFootballFinalsTables","971"
"/tier1/rc/sp/147SimpleStory2","957"
"/tier1/rc/ne/46SimpleStory2","953"
"/c/tv_CBEB","951"
"/tier1/rc/ne/91SimpleStory2","948"
"/tier1/rc/we/weatherworld6","946"
"/c/tvIp_LDN","945"
"/tier1/rc/tr/M5","939"
"/radio/rc/tv_R6MU","937"
"/b/bridge_CYMR","935"
"/d/r/ra/Mcm2","934"
"/d/r/sp/1e2","919"
"/d/r/sp/3e","919"
"/tv/rc/tv_B1HD_EN","915"
"/tier1/rc/tr/M10","912"
"/tier1/rc/sp/108SimpleStory5","910"
"/tier1/rc/en/04SimpleStory2","902"
"/d/r/tr/429","897"
"/tier1/rc/tr/re07","897"
"/d/r/ra/Mia","889"
"/d/r/ra/Mrs","885"
"/tier1/rc/sp/117SimpleStory9","879"
"/tier1/rc/sp/157SimpleStory2","879"
"/tier1/rc/tr/tu00","878"
"/tier1/rc/sp/SportTennisResultsWomen","874"
"/tier1/rc/ne/46SimpleStory3","866"
"/tier1/rc/ne/91SimpleStory3","864"
"/d/r/sp/1ae","861"
"/d/r/ra/Mda","858"
"/tier1/rc/sp/112SimpleStory5","852"
"/d/r/ra/Mis","847"
"/tier1/rc/sp/115SimpleStory7","847"
"/tier1/rc/sp/SportTennisRankingsWomen","846"
"/d/r/sp/71","842"
"/tier1/rc/sp/SportRugbyLeagueTables","837"
"/d/r/tr/3ec","816"
"/tier1/rc/en/05SimpleStory2","815"
"/d/r/sp/1ad","814"
"/tier1/rc/sp/115SimpleStory9","809"
"/tv/rc/tv_B2HD","807"
"/tv/rc/tvIp_BPMT","788"
"/c/tv_B2HD","786"
"/radio/rc/tv_R4EX","784"
"/tier1/rc/sp/121SimpleStory0","780"
"/tier1/rc/tr/re12","772"
"/tier1/rc/tr/ra11","771"
"/tier1/rc/sp/117SimpleStory3","768"
"/tier1/rc/sp/151SimpleStory1","766"
"/d/r/ra/Mca","761"
"/tier1/rc/sp/119SimpleStory5","759"
"/tier1/rc/sp/149SimpleStory4","756"
"/d/r/he/HI2","755"
"/c/tvIp_ALBA","753"
"/d/r/tr/41c","752"
"/tier1/rc/sp/115SimpleStory10","750"
"/tier1/rc/sp/115SimpleStory8","740"
"/d/r/ra/Mrnbs","737"
"/radio/rc/tv_R1","732"
"/d/r/ra/Mpr1","724"
"/d/r/ra/Mrnba","721"
"/tier1/rc/sp/120SimpleStory1","713"
"/tier1/rc/we/weatherworld5","703"
"/d/r/he/h15","702"
"/tier1/rc/tr/M11","701"
"/c/tvIp_BANR","692"
"/d/r/ra/Mpr2","692"
"/tier1/rc/sp/147SimpleStory3","687"
"/tier1/rc/sp/SportRegionalNorthernIrelandsub1","686"
"/d/r/sp/1af","677"
"/d/r/ra/Mpr6","676"
"/tier1/rc/ne/17SimpleStory4","673"
"/tier1/rc/en/04SimpleStory3","669"
"/c/tvIp_WALE","660"
"internal://carouselFailurePopup","660"
"/d/r/tr/408","657"
"/tier1/rc/sp/SportGolfRankingsWomen","650"
"/radio/rc/bridge_SCOT","641"
"/tier1/rc/sp/151SimpleStory2","641"
"/tier1/rc/sp/117SimpleStory6","637"
"/tier1/rc/ne/93SimpleStory0","623"
"/tier1/rc/en/04SimpleStory5","619"
"/tv/rc/tv_B1HD_WA","612"
"/radio/rc/bridge_R1","611"
"/tier1/rc/sp/157SimpleStory3","611"
"/tier1/rc/tr/ra12","610"
"/tier1/rc/sp/117SimpleStory10","609"
"/tier1/rc/sp/117SimpleStory5","605"
"/tier1/rc/sp/SportCricketTables","603"
"/tier1/rc/sp/SportRugbyUnionScoressub1","602"
"/tier1/rc/tr/mom2","599"
"/d/r/he/h7","596"
"/tier1/rc/sp/121SimpleStory1","591"
"/tier1/rc/sp/98SimpleStory16","590"
"/tier1/rc/tr/M12","590"
"/tier1/rc/en/05SimpleStory3","582"
"/tier1/rc/en/04SimpleStory4","581"
"/radio/rc/bridge_R5SX","571"
"/tier1/rc/ne/92SimpleStory0","567"
"/tier1/rc/sp/117SimpleStory4","557"
"/tier1/rc/sp/98SimpleStory15","556"
"/tier1/rc/sp/151SimpleStory3","555"
"/tier1/rc/sp/SportTennisScoresWomen","551"
"/tier1/rc/sp/124SimpleStory8","549"
"/d/r/tr/422","538"
"/tier1/rc/sp/115SimpleStory11","538"
"/d/r/sp/281","532"
"/tier1/rc/sp/143SimpleStory0","532"
"/tv/rc/tvIp_B4","531"
"/d/r/tr/384","524"
"/tv/rc/tvIp_ALBA","522"
"/tier1/rc/tr/tu01","519"
"/tier1/rc/sp/117SimpleStory17","516"
"/d/r/ra/R2n","515"
"/tier1/rc/sp/SportRugbyUnionTablessub2","509"
"/tier1/rc/tr/M13","506"
"/c/tv_R2","505"
"/d/r/sp/96","505"
"/tier1/rc/sp/SportRugbyLeagueHeadlinessub1","503"
"/tier1/rc/tr/fe2","503"
"/tv/rc/tvIp_SVS","503"
"/tv/rc/tvIp_B1_WA","499"
"/tier1/rc/tr/ra13","494"
"/tier1/rc/sp/117SimpleStory8","483"
"/tv/rc/tvIp_B1_NI","482"
"/tier1/rc/sp/117SimpleStory11","481"
"/d/r/ra/Mamc","477"
"/tier1/rc/tr/M14","475"
"/c/tv_R4FM","466"
"/tier1/rc/sp/122SimpleStory1","466"
"/d/r/ra/Mpr1x","462"
"/tier1/rc/sp/151SimpleStory4","460"
"/tier1/rc/tr/re11","459"
"/tv/rc/tvIp_B1_SC","457"
"/tier1/rc/sp/SportTennisCalendar","443"
"/tier1/rc/en/05SimpleStory4","441"
"/tier1/rc/en/05SimpleStory5","440"
"/radio/rc/tv_SCOT","439"
"/radio/rc/bridge_R6MU","434"
"/tv/rc/tv_B1HD_SC","431"
"/d/r/ra/R4fmn","430"
"/tier1/rc/sp/144SimpleStory0","426"
"/tv/rc/tvIp_B2_NI","422"
"/radio/rc/bridge_R4EX","421"
"/c/tv_B1HD_SC","419"
"/tier1/rc/ne/93SimpleStory1","411"
"/tier1/rc/tr/ra14","406"
"/tier1/rc/sp/143SimpleStory1","403"
"/tier1/rc/sp/108SimpleStory6","401"
"/c/tv_B4","398"
"/tier1/rc/sp/151SimpleStory5","397"
"/tier1/rc/sp/122SimpleStory9","395"
"/d/r/sp/245","394"
"/tier1/rc/sp/131SimpleStory0","388"
"/tier1/rc/tr/re01","388"
"internal://carouselUnmounted","385"
"/tier1/rc/sp/117SimpleStory12","384"
"/tier1/rc/sp/121SimpleStory6","384"
"/tier1/rc/ne/92SimpleStory1","379"
"/radio/rc/tv_BWSR","361"
"/tier1/rc/sp/140SimpleStory0","361"
"/tier1/rc/tr/M15","360"
"/tier1/rc/sp/122SimpleStory2","357"
"/d/r/tr/402","356"
"/tier1/rc/sp/SportMotorSportHeadlinessub1","354"
"/tier1/rc/sp/147SimpleStory4","352"
"/tier1/rc/sp/117SimpleStory18","350"
"/tier1/rc/sp/136SimpleStory1","349"
"/tier1/rc/sp/136SimpleStory2","349"
"/d/r/ra/Mpra","348"
"/tier1/rc/sp/117SimpleStory13","347"
"/tier1/rc/sp/136SimpleStory0","344"
"","333"
"/tv/rc/tv_BN","333"
"/r/tuning_apol.rc","325"
"/tier1/rc/sp/134SimpleStory0","324"
"/tier1/rc/sp/143SimpleStory2","321"
"/tier1/rc/sp/144SimpleStory1","318"
"/d/r/tr/3f6","313"
"/d/r/ra/Mprs","312"
"/tier1/rc/tr/tu02","310"
"/tier1/rc/ne/92SimpleStory2","308"
"/tier1/rc/ne/93SimpleStory2","308"
"/tier1/rc/tr/ab0","306"
"/tier1/rc/sp/117SimpleStory14","305"
"/tier1/rc/sp/144SimpleStory2","303"
"/tier1/rc/ne/92SimpleStory3","301"
"/tier1/rc/sp/136SimpleStory3","301"
"/app/rc/apol","299"
"/radio/rc/tv_WALE","299"
"/d/r/ra/Mprw","298"
"/c/tv_B2_SC","296"
"/d/r/ra/R5ln","296"
"/tier1/rc/sp/135SimpleStory0","294"
"/tier1/rc/sp/149SimpleStory5","294"
"/d/r/sp/2b4","292"
"/radio/rc/tv_R5SX","292"
"/tier1/rc/tr/re17","292"
"/tier1/rc/sp/109SimpleStory0","291"
"/c/tv_BLR","286"
"/b/bridge_BRNG","283"
"/radio/rc/tv_R4LW","283"
"/tier1/rc/sp/139SimpleStory0","282"
"/radio/rc/bridge_BWSR","280"
"/tier1/rc/sp/122SimpleStory3","279"
"/tier1/rc/sp/135SimpleStory1","279"
"/c/tv_B1HD_WA","275"
"/tier1/rc/sp/132SimpleStory0","275"
"/tier1/rc/sp/135SimpleStory4","268"
"/tier1/rc/tr/ra15","268"
"/d/r/he/h5","265"
"/tier1/rc/sp/119SimpleStory6","265"
"/tier1/rc/sp/135SimpleStory3","264"
"/tier1/rc/ne/93SimpleStory3","262"
"/tier1/rc/sp/157SimpleStory4","262"
"/tier1/rc/sp/117SimpleStory15","260"
"/tier1/rc/sp/135SimpleStory2","260"
"/tier1/rc/tr/fe3","257"
"/tier1/rc/tr/ram2","257"
"/tier1/rc/sp/144SimpleStory3","256"
"/c/tvIp_CYMR","255"
"/tier1/rc/sp/135SimpleStory5","253"
"/tier1/rc/sp/108SimpleStory7","252"
"/tier1/rc/sp/136SimpleStory4","252"
"/tier1/rc/sp/109SimpleStory2","251"
"/tier1/rc/sp/139SimpleStory1","248"
"/tier1/rc/sp/109SimpleStory1","247"
"/tier1/rc/sp/139SimpleStory2","247"
"/tier1/rc/tr/M16","247"
"/tier1/rc/sp/139SimpleStory3","241"
"/tier1/rc/sp/143SimpleStory3","239"
"/radio/rc/bridge_WALE","238"
"/tier1/rc/sp/131SimpleStory2","237"
"/tier1/rc/sp/135SimpleStory6","235"
"/tier1/rc/sp/131SimpleStory1","232"
"/tier1/rc/sp/140SimpleStory1","231"
"/b/bridge_CYMR2","227"
"/tier1/rc/sp/109SimpleStory3","227"
"/tier1/rc/sp/134SimpleStory1","226"
"/tier1/rc/sp/135SimpleStory7","226"
"/tier1/rc/sp/120SimpleStory2","222"
"/c/tvIp_CYMR2","220"
"/d/r/he/h1","217"
"/d/r/ra/R3n","217"
"/tier1/rc/sp/132SimpleStory1","216"
"/c/tvIp_FOYL","210"
"/tier1/rc/sp/136SimpleStory5","208"
"/tier1/rc/sp/135SimpleStory8","207"
"/c/tv_CBBC","206"
"/tier1/rc/sp/SportFootballScoressub2","206"
"/d/r/sp/f1","197"
"/tier1/rc/sp/117SimpleStory22","194"
"/c/tv_CBBCHD","192"
"/tier1/rc/sp/112SimpleStory6","191"
"/tier1/rc/sp/115SimpleStory12","191"
"/tier1/rc/sp/135SimpleStory9","189"
"/tier1/rc/sp/131SimpleStory3","188"
"/d/r/he/h2","186"
"/tier1/rc/ne/STFreeSatsssFinanceDisclaimer","186"
"/tier1/rc/sp/132SimpleStory2","186"
"/tier1/rc/sp/121SimpleStory5","184"
"/tv/rc/tv_B1HD_NI","184"
"/d/r/tr/40b","183"
"/radio/rc/tv_ULSR","183"
"/tier1/rc/tr/tu03","182"
"/tier1/rc/sp/139SimpleStory4","179"
"/d/r/sp/244","176"
"/d/r/sp/2dc","175"
"/tier1/rc/sp/138SimpleStory0","174"
"/c/tv_R1","173"
"internal://deviceNotCertified","172"
"/tier1/rc/sp/144SimpleStory4","170"
"internal://deviceNotConnected","169"
"/tier1/rc/sp/140SimpleStory2","167"
"/tier1/rc/sp/115SimpleStory13","166"
"/d/r/sp/282","165"
"/c/tv_B1HD_NI","164"
"/radio/rc/tv_1XTA","164"
"/tier1/rc/tr/ra16","164"
"/tier1/rc/sp/142SimpleStory0","163"
"/c/tv_B2_WA","162"
"/d/r/ra/R4xn","162"
"/tier1/rc/en/07SimpleStory1","159"
"/tier1/rc/sp/139SimpleStory5","157"
"/d/r/tr/401","152"
"/radio/rc/bridge_ULSR","152"
"/tier1/rc/tr/M17","151"
"/radio/rc/bridge_R4LW","150"
"/d/r/tr/383","149"
"/tier1/rc/en/06SimpleStory1","149"
"/tier1/rc/sp/143SimpleStory4","144"
"/tier1/rc/sp/122SimpleStory4","142"
"/d/r/tr/3f5","141"
"/c/tv_B2_NI","140"
"/tier1/rc/sp/150SimpleStory1","139"
"/tier1/rc/sp/131SimpleStory4","132"
"/tier1/rc/sp/132SimpleStory3","130"
"/c/tv_R3","129"
"/radio/rc/bridge_1XTA","128"
"/tier1/rc/sp/140SimpleStory3","126"
"/d/r/ne/KK","125"
"/tier1/rc/he/help_story_15","125"
"/tier1/rc/he/help_menu_1","124"
"/c/tvIp_BRNG","120"
"/tier1/rc/sp/108SimpleStory8","118"
"/tier1/rc/tr/ra17","116"
"/tier1/rc/tr/fe4","115"
"/tier1/rc/en/07SimpleStory2","114"
"/c/tv_R5LI","113"
"/d/r/he/h9","110"
"/tier1/rc/sp/121SimpleStory4","109"
"/radio/rc/bridge_BRNG","108"
"/tier1/rc/en/07SimpleStory3","108"
"/tier1/rc/tr/M18","108"
"/tier1/rc/tr/ra18","103"
"/c/tv_R6MU","101"
"/tier1/rc/sp/134SimpleStory2","101"
"/tier1/rc/sp/122SimpleStory5","100"
"/tier1/rc/en/07SimpleStory4","97"
"/tier1/rc/en/07SimpleStory5","97"
"/tier1/rc/sp/140SimpleStory4","97"
"/tier1/rc/tr/ra19","97"
"/tier1/rc/en/06SimpleStory2","94"
"/tier1/rc/he/help_menu_2","94"
"/tier1/rc/sp/138SimpleStory1","94"
"/tier1/rc/tr/tu04","91"
"/tier1/rc/sp/122SimpleStory6","90"
"/tier1/rc/sp/142SimpleStory2","86"
"/c/tv_BPMT","84"
"/r/status","84"
"/radio/rc/bridge_CYMR2","84"
"/tier1/rc/en/06SimpleStory3","83"
"/tv/rc/tv_B2_SC","83"
"/tier1/rc/sp/142SimpleStory1","82"
"/tv/rc/tv_B1_WA","82"
"/tier1/rc/sp/144SimpleStory5","81"
"/radio/rc/bridge_LDN","80"
"/radio/rc/tv_BRNG","80"
"/tier1/rc/tr/M19","80"
"/d/r/he/h3","79"
"/radio/rc/tv_BANR","79"
"/tier1/rc/sp/143SimpleStory5","79"
"/d/r/ra/R6mn","77"
"/tier1/rc/en/06SimpleStory5","77"
"/d/r/he/h10","76"
"/d/r/he/h6","76"
"/d/r/tr/41d","76"
"/radio/rc/bridge_CYMR","75"
"/d/r/he/h8","73"
"/tier1/rc/tr/fe5","73"
"/tier1/rc/en/06SimpleStory4","72"
"/tier1/rc/sp/138SimpleStory2","70"
"/tier1/rc/tr/ra20","68"
"/c/tv_R4EX","66"
"/tier1/rc/sp/131SimpleStory5","66"
"/d/r/ra/Rsmwn","65"
"/radio/rc/bridge_FOYL","65"
"/tier1/rc/sp/142SimpleStory3","64"
"/d/r/ra/R1n","63"
"/d/r/he/h12","61"
"/tier1/rc/he/help_story_6","60"
"/tier1/rc/sp/132SimpleStory4","60"
"/tier1/rc/tr/M20","59"
"/tv/rc/tv_B4HD","57"
"/radio/rc/tv_FOYL","56"
"/tv/rc/tv_BPMT","56"
"/tv/rc/tv_B1_NI","54"
"/radio/rc/tv_CYMR","52"
"/tv/rc/tv_B2_EN","52"
"/c/tv_1XTA","50"
"/c/tvIp_BBCi","48"
"/radio/rc/tv_LDN","47"
"/tv/rc/tv_ALBA","46"
"/d/r/he/h4","45"
"/tier1/rc/tr/ra21","45"
"/d/r/tr/403","44"
"/radio/rc/bridge_BANR","44"
"/d/r/tr/3f4","43"
"/tier1/rc/sp/140SimpleStory5","43"
"/tier1/rc/sp/142SimpleStory4","43"
"/d/r/tr/45f","42"
"/d/r/tr/430","41"
"/tv/rc/tv_SVS","41"
"/tv/rc/tv_B2_WA","40"
"/tier1/rc/tr/M21","39"
"/tv/rc/bridge_SVS","38"
"/r/devtools.rc","37"
"/radio/rc/tv_CYMR2","37"
"/tier1/rc/sp/138SimpleStory3","32"
"/d/r/ra/Rwn","31"
"/c/tv_BWSR","29"
"/c/tv_\c_\n","29"
"/d/r/ra/Rwmwn","29"
"/c/tv_ALBA","28"
"/tier1/rc/he/help_story_1","27"
"/tier1/rc/tr/tu05","27"
"/tv/rc/tv_B4","27"
"/c/tvIp_RB1","26"
"/c/tv_SCOT","26"
"/tier1/rc/he/help_story_11","25"
"/tv/rc/bridge_ALBAEN","25"
"/c/tv_BANR","23"
"/d/r/ra/Run","23"
"/tier1/rc/he/help_story_2","23"
"/tv/rc/tv_B2_NI","22"
"/d/r/he/h11","21"
"/tier1/rc/sp/134SimpleStory3","21"
"/c/tv_R5SX","19"
"/tv/rc/tv_B1_SC","18"
"/tier1/rc/he/help_story_9","17"
"/tier1/rc/sp/SportCricketScoressub1","16"
"/tier1/rc/tr/ra22","16"
"/tier1/rc/tr/M22","15"
"/d/r/ra/Rann","14"
"/tier1/rc/ne/NewsQuestionTime","13"
"/tier1/rc/he/help_story_4","12"
"/tier1/rc/he/help_story_5","12"
"/tier1/rc/he/help_story_8","12"
"/tier1/rc/sp/142SimpleStory5","12"
"/tier1/rc/tr/fe6","12"
"/c/tv_BBCi","11"
"/d/r/ra/Rfn","11"
"/tier1/rc/sp/138SimpleStory4","11"
"internal://rbPlusNotEnabled","11"
"/c/tv_LDN","10"
"/c/tv_ULSR","10"
"/d/r/sp/69","10"
"/d/r/tr/435","10"
"/tier1/rc/tr/mom3","10"
"/d/r/ne/SJ","9"
"/tier1/rc/he/help_story_3","9"
"/tv/rc/tvIp_ALBAEN","9"
"/d/r/sp/15e","8"
"/d/r/sp/34e","8"
"/tier1/rc/he/help_story_7","8"
"/tier1/rc/tr/tu06","8"
"/b/auth.hash","7"
"/tier1/rc/he/help_story_10","7"
"/c/tv_WALE","6"
"/d/r/ne/478","6"
"/d/r/ra/Rcn","6"
"/tier1/rc/tr/M23","6"
"/d/r/ra/Rngn","5"
"/d/r/tr/3a9","5"
"/d/r/tr/434","5"
"/tier1/rc/tr/ram3","5"
"/tier1/rc/tr/tu07","5"
"ait:http://www.live.bbctvapps.co.uk/tap/home/ait/launch/home.aitx?brand=sony","5"
"/d/r/ne/31d","4"
"/d/r/ne/auth.hash","4"
"/d/r/sp/2be","4"
"/tier1/rc/sp/108SimpleStory9","4"
"/tier1/rc/tr/M24","4"
"/b/bridge_B1_/a","3"
"/b/bridge_BN24","3"
"/c/popup.rc","3"
"/d/r/ne.cf","3"
"/d/r/ne/116","3"
"/d/r/ne/IPH","3"
"/d/r/sp/auth.hash","3"
"/tier1/rc/tr/fe7","3"
"/tier1/rc/tr/fe8","3"
"/b/bridge_B1","2"
"/c/auth.hash","2"
"/c/tv_MS1","2"
"/d/r/ne/215","2"
"/d/r/ne/47a","2"
"/d/r/sp/229","2"
"/d/r/sp/OL302","2"
"/d/r/we/auth.hash","2"
"/tier1/rc/tr/fe9","2"
"/tier1/rc/tr/tu08","2"
"/tv/rc/auth.hash","2"
"G","2"
"_BBCHOME_","2"
"/c/tvIp_BN24","1"
"/c/tv_CYMR","1"
"/d/r/en.cf","1"
"/d/r/en/HO555","1"
"/d/r/en/JQ77.111.25BD711CA00B97300885145298501","1"
"/d/r/ne/1d1","1"
"/d/r/ne/47c","1"
"/d/r/ne/47d","1"
"/d/r/ne/47e","1"
"/d/r/ne/KI201","1"
"/d/r/ne/PN1665","1"
"/d/r/ne/SI","1"
"/d/r/ne/U200","1"
"/d/r/sp/223","1"
"/d/r/sp/224","1"
"/d/r/sp/272","1"
"/d/r/sp/53","1"
"/d/r/sp/HJN","1"
"/d/r/sp/HKI","1"
"/d/r/sp/HKO","1"
"/d/r/sp/M301","1"
"/d/r/tr/438","1"
"/d/r/tr/46d","1"
"/s/apol.mhg","1"
"/tier1/rc/sp/SportFootballFinals","1"
"/tier1/rc/tr/M25","1"
"/tier1/rc/tr/ra23","1"
"370","1"
"http://www.live.bbctvapps.co.uk/tap/home/ait/launch/home.aitx?brand=sony","1"
"h\","1"
"Total","47,873,841"
