/news/,5403295
/sport/,4894246
/sport/football/,4284016
/news/headlines/,4184290
/sport/football/headlines/,2584414
/sport/football/scores/,2426667
/news/headlines/story0,2272852
/sport/football/scores/story0,1990205
/news/headlines/story4,1978844
page1:/news/headlines/,1975150
/news/headlines/story5,1923862
/news/headlines/story7,1915960
/news/headlines/story6,1916420
/news/headlines/story3,1919728
/news/headlines/story8,1873422
/news/headlines/story1,1876484
/news/headlines/story2,1829965
/news/uk/,1643303
/news/headlines/story9,1624112
localnews,1526407
/news/aroundUk/,1526407
/sport/headlines/,1474772
/news/business/,1288255
page1:/news/,1175956
/news/world/,1137263
/news/aroundUk/england/,1106346
localnews_england,1106346
/news/headlines/story10,1076190
/sport/football/headlines/story0,1043229
/sport/football/scores/story1,1037659
/sport/football/headlines/story3,1041330
weather_menu,1040700
/sport/football/headlines/story2,982743
weather_region_menu,973101
/sport/football/headlines/story4,955872
/sport/football/headlines/story1,919290
page1:/news/uk/,950035
/sport/football/scores/story2,894946
page1:/sport/football/headlines/,890182
page1:/sport/,838864
/news/entertainment/,844921
/news/business/news/,845099
/sport/football/tables/,800399
page2:/news/headlines/,820996
/sport/football/headlines/story5,787229
/sport/moreSport/sport1/,723151
/sport/football/scores/story3,743952
/news/uk/story9,748548
/news/uk/story10,739251
/sport/football/finals/headlines/,694219
/news/uk/story0,729587
/sport/football/headlines/story6,709634
/news/uk/story8,723924
/lottery/,687255
/news/uk/story7,696844
/news/uk/story6,664884
page2:/news/uk/,672965
page1:/sport/headlines/,652650
/sport/f1/,653368
/news/uk/story5,636162
/news/uk/story4,625539
/news/uk/story1,609091
page1:/news/world/,619451
/sport/football/headlines/story7,573668
/sport/football/finals/headlines/story0,541403
/news/business/shares/,564189
/sport/football/fixturesAndResults/,552625
/news/uk/story2,564341
/news/uk/story3,561584
/sport/football/scores/story4,541617
/news/business/markets/,551907
/sport/football/finals/headlines/story1,521481
/sport/f1/headlines/,552488
/sport/football/finals/headlines/story2,512488
/sport/headlines/story0,525915
/sport/football/finals/headlines/story3,485412
/news/world/story0,508947
/news/world/story9,500326
/news/world/story10,497103
/news/world/story8,496060
/news/world/story7,487287
/news/world/story5,481760
/news/world/story6,479778
/news/world/story4,480188
/sport/cricket/,464615
/news/business/foreignExchange/,472652
page2:/news/world/,468425
/news/world/story3,457898
/news/world/story11,456364
/sport/headlines/story1,446631
/news/world/story1,447117
/lottery/game0/,436228
/news/world/story2,447365
/news/headlines/story11,431141
/sport/headlines/story2,427171
/sport/headlines/story4,411807
/sport/headlines/story3,412092
/sport/football/headlines/story8,405670
page1:/news/business/news/,422564
/sport/football/tables/story0,403675
/sport/football/finals/headlines/story4,381342
page1:/news/entertainment/,400624
/sport/headlines/story5,379209
/lottery/game0/story0,373477
/news/business/shares/popular,366404
/news/aroundUk/scotland/,353218
localnews_scotland,359935
/news/business/markets/latest,351878
/sport/headlines/story6,343077
/sport/football/finals/results,343957
localnews_england_northwest,340594
/news/entertainment/story0,341601
/sport/football/scores/story5,331334
/news/business/news/story0,342458
/news/business/foreignExchange/poundRates,346561
/sport/football/tables/story1,318456
/travel/,309487
/news/business/news/story1,307903
weather_duration_menu_3,292694
/news/business/news/story4,306279
/sport/cricket/scores/,298391
/news/business/news/story3,302008
/news/politics/,305983
/news/business/news/story2,299340
/news/entertainment/story1,291276
/sport/headlines/story7,285973
/news/entertainment/story4,287210
/news/business/news/story5,291311
/sport/rugbyUnion/,291503
/news/business/news/story6,288137
/sport/regionalSport/,278134
/news/entertainment/story3,281294
/news/entertainment/story2,278032
/news/business/news/story7,282198
news_scotland_headlines,274209
/news/aroundUk/scotland/headlines/,274209
/news/entertainment/story5,268544
/sport/f1/headlines/story0,275095
/news/business/news/story8,271990
/news/business/news/story9,268659
/news/technology/,274100
localnews_england_yorkshirelincs,261294
/news/science/,272141
/lottery/game1/,259206
localnews_england_londonsoutheast,257786
/sport/football/headlines/story9,245330
/sport/tennis/,247912
/news/entertainment/story6,247296
weather_map_5day_3,237856
/news/health/,247400
/news/aroundUk/northernIreland/,228353
/sport/football/fixturesAndResults/saturday,233605
/sport/cricket/headlines/,233649
/news/business/foreignExchange/touristRates,233532
/lottery/game1/story0,219541
/sport/headlines/story8,215560
/sport/cricket/scores/story1,208613
/sport/football/tables/story2,204473
/news/aroundUk/wales/,220668
localnews_wales,220668
/travel/regions/,202845
/news/entertainment/story7,203431
/sport/football/scores/story6,199740
localnews_england_westsouthwest,206154
weather_map_24hour_3,194959
/news/newspapers,199288
/news/business/markets/ftse100,194172
localnews_england_westmidlands,189948
localnews_england_east,194161
weather_duration_menu_6,188797
weather_duration_menu_4,186514
/news/business/shares/sToZ,190315
/sport/football/finals/headlines/story5,175061
/sport/football/fixturesAndResults/wednesday,180523
/sport/football/fixturesAndResults/sunday,180825
localnews_england_londonsoutheast_london_p1,176645
/sport/rugbyLeague/,173614
/sport/moreSport/sport5/headlines/,174653
/sport/football/fixturesAndResults/friday,173311
/sport/football/fixturesAndResults/tuesday,172832
weather_summary_menu,171806
/sport/tennis/headlines/,172833
/sport/rugbyUnion/headlines/,176037
/sport/f1/headlines/story1,171992
/sport/football/fixturesAndResults/thursday,165997
localnews_england_northwest_newsorg_3,164848
/sport/golf/,165166
/news/entertainment/story8,161977
localnews_england_south,163737
/news/business/shares/mToR,159613
/lottery/game2/,156235
/news/business/shares/eToL,157022
news_wales_headlines,169819
/news/aroundUk/wales/headlines/,169819
/sport/football/tables/story3,154042
/news/business/shares/aToD,154834
weather_map_5day_4,152041
weather_map_5day_6,152757
/sport/football/scores/story7,150255
page1:/news/politics/,159724
localnews_england_northeast,149753
localnews_england_northwest_newsorg_2,149866
/sport/football/fixturesAndResults/monday,149772
/news/aroundUk/scotland/headlines/story0,149640
/sport/f1/results,150045
weather_duration_menu_7,151332
/travel/motorways/,144411
/news/headlines/story12,143081
localnews_england_northwest_newsorg_1,142850
/news/aroundUk/scotland/headlines/story4,140093
/news/aroundUk/scotland/headlines/story1,139720
/news/aroundUk/scotland/headlines/story3,139898
/news/aroundUk/scotland/headlines/story5,138699
/news/aroundUk/scotland/headlines/story2,138724
/news/aroundUk/scotland/headlines/story6,137494
/news/business/markets/londonCommodities,137907
/news/aroundUk/scotland/headlines/story7,136758
/lottery/game2/story0,135080
/news/aroundUk/northernIreland/story0,128648
/news/aroundUk/scotland/headlines/story8,134230
localnews_england_eastmidlands,133487
/sport/rugbyLeague/headlines/,128475
weather_map_24hour_6,128319
localnews_england_northwest_newsorg_0,130356
/news/aroundUk/scotland/headlines/story9,128796
weather_duration_menu_5,124394
/news/aroundUk/northernIreland/story1,118846
weather_map_24hour_4,121432
/news/aroundUk/northernIreland/story2,118286
weather_world_menu,122911
weather_map_5day_7,126543
/news/business/shares/bigWinners,123159
/news/aroundUk/northernIreland/story3,117647
/news/aroundUk/northernIreland/story4,116654
/sport/cricket/scores/story2,121140
/sport/rugbyUnion/scores/,120992
localnews_england_northeast_newsorg_1,117148
/sport/regionalSport/scotland/,114951
page1:/news/aroundUk/scotland/headlines/,120932
/news/business/shares/bigLosers,117580
/news/aroundUk/northernIreland/story5,111602
page1:/news/technology/,121743
localnews_england_westmidlands_newsorg_0,112229
/sport/football/tables/story4,110707
/news/aroundUk/northernIreland/story6,106515
/travel/rail/,109063
localnews_england_yorkshirelincs_newsorg_1,108821
page1:/news/health/,111517
weather_summary_text_1,106898
/sport/moreSport/sport2/headlines/,107267
/sport/football/tables/story5,105207
page1:/sport/football/tables/,105541
/news/aroundUk/northernIreland/story7,101124
/sport/f1/headlines/story2,107153
/news/entertainment/story9,104370
weather_summary_text_2,104523
weather_summary_text_3,101941
/sport/football/scores/story8,99603
weather_map_5day_5,101987
/news/politics/story4,104693
weather_world_1,100468
/sport/cricket/headlines/story0,99295
/news/politics/story0,100215
weather_duration_menu_1,95870
/news/politics/story5,98883
/news/aroundUk/northernIreland/story8,91788
localnews_england_londonsoutheast_newsorg_0,99168
/sport/moreSport/sport4/,95150
weather_map_24hour_7,96774
/news/politics/story3,97282
/news/politics/story6,96353
weather_duration_menu_2,96633
/sport/tennis/results/,91738
localnews_england_yorkshirelincs_newsorg_3,93217
weather_summary_table,91462
page1:/news/science/,95505
/news/politics/story1,93495
/news/politics/story7,93087
localnews_england_yorkshirelincs_newsorg_4,90950
/news/politics/story2,93319
/news/technology/story0,93258
page1:/travel/regions/,89773
localnews_england_londonsoutheast_london_p1_article_0,87642
page1:/news/aroundUk/northernIreland/,85675
/news/technology/story1,91179
/news/science/story0,90564
/news/business/markets/dowAndUsIndicies,88823
localnews_england_northwest_newsorg_3_article_0,86448
/news/science/story1,89995
localnews_england_westsouthwest_newsorg_2,89268
/news/aroundUk/wales/headlines/story0,93650
localnews_england_south_newsorg_2,87139
/sport/moreSport/sport4/headlines/,85207
localnews_england_londonsoutheast_london_p2,85577
/sport/moreSport/sport1/headlines/,82483
/sport/f1/standings,85226
localnews_england_yorkshirelincs_newsorg_2,84213
localnews_england_yorkshirelincs_newsorg_0,83342
localnews_england_westsouthwest_newsorg_1,85740
/news/politics/story8,85097
/sport/tennis/results/mens,82557
localnews_england_northeast_newsorg_0,82724
/sport/rugbyUnion/scores/story0,84201
localnews_england_londonsoutheast_london_p1_article_1,81382
weather_map_24hour_5,82544
/news/aroundUk/northernIreland/story9,78489
/news/technology/story2,85233
/news/health/story0,81602
/news/science/story2,82440
localnews_england_londonsoutheast_london_p1_article_2,78653
/news/technology/story3,82293
localnews_england_northwest_newsorg_2_article_0,78582
localnews_england_northwest_newsorg_3_article_1,78553
/news/technology/story4,81299
localnews_england_londonsoutheast_london_p1_article_4,77611
localnews_england_londonsoutheast_london_p1_article_3,77606
/news/aroundUk/wales/headlines/story4,85352
/news/aroundUk/wales/headlines/story3,84109
/news/aroundUk/wales/headlines/story1,83609
localnews_england_east_newsorg_0,76919
localnews_england_londonsoutheast_london_p1_article_5,74955
localnews_england_northwest_newsorg_3_article_2,74889
localnews_england_east_newsorg_2,77650
/news/aroundUk/wales/headlines/story2,82798
/sport/tennis/headlines/story0,76247
/news/aroundUk/wales/headlines/story5,82364
weather_map_5day_2,78296
/news/science/story4,76888
/sport/football/scores/story9,72944
localnews_scotland_newsorg_2,74495
/news/health/story2,75935
/sport/cricket/headlines/story1,74423
/sport/f1/calendar,75236
/news/aroundUk/wales/headlines/story6,80736
localnews_england_londonsoutheast_london_p1_article_6,72366
weather_map_5day_1,72833
/news/aroundUk/wales/headlines/story7,80028
/news/health/story1,74559
localnews_england_east_newsorg_3,75650
/news/science/story3,75038
/news/politics/story9,74060
/news/health/story4,73348
/news/technology/story5,74236
/news/health/story3,73125
localnews_england_south_newsorg_1,74234
page1:/sport/cricket/headlines/,71969
localnews_england_northwest_newsorg_2_article_1,70867
localnews_england_westsouthwest_newsorg_0,72767
/news/aroundUk/wales/headlines/story8,77961
localnews_england_northwest_newsorg_3_article_3,70304
localnews_england_londonsoutheast_newsorg_3,74342
/news/business/markets/worldMarketIndicies,71585
localnews_england_londonsoutheast_london_p1_article_7,69638
/sport/rugbyUnion/headlines/story0,73166
/news/aroundUk/wales/headlines/story9,76597
/sport/football/scores/story10,67654
page1:/news/aroundUk/wales/headlines/,76775
/sport/football/finals/headlines/story6,65850
/sport/football/tables/story11,67686
page1:/sport/regionalSport/,68460
/news/technology/story6,70034
localnews_england_londonsoutheast_london_p1_article_8,67184
/news/health/story5,68508
localnews_england_northwest_newsorg_2_article_2,67006
localnews_england_westmidlands_newsorg_0_article_0,66653
localnews_england_londonsoutheast_london_p1_article_9,65075
localnews_england_northwest_newsorg_1_article_0,65970
/news/science/story5,66716
/sport/cricket/headlines/story2,64634
localnews_england_westsouthwest_newsorg_4,66354
/news/health/story6,64651
page1:/sport/rugbyUnion/headlines/,66834
/sport/tennis/headlines/story1,64014
/news/technology/story7,64468
/sport/football/scores/story11,61224
/sport/football/tables/story6,61674
localnews_england_northwest_newsorg_2_article_3,61541
/sport/rugbyUnion/scores/story1,62969
/news/health/story7,61857
localnews_england_east_newsorg_4,63643
/sport/rugbyLeague/headlines/story0,59810
localnews_england_northeast_newsorg_1_article_0,60168
/sport/rugbyUnion/headlines/story1,63207
weather_map_24hour_1,60160
/sport/golf/scores,59915
localnews_england_westmidlands_newsorg_0_article_1,60111
localnews_england_londonsoutheast_newsorg_2,61606
localnews_england_eastmidlands_newsorg_3,60617
/sport/cricket/scores/story3,59954
localnews_england_east_newsorg_1,60434
/news/science/story6,59815
/news/health/story8,59153
localnews_england_northwest_newsorg_0_article_0,60165
localnews_england_westmidlands_newsorg_4,59160
localnews_england_eastmidlands_newsorg_0,59441
/sport/tennis/scores/,56953
localnews_england_westmidlands_newsorg_0_article_2,57205
weather_map_24hour_2,60074
localnews_england_yorkshirelincs_newsorg_1_article_0,57099
/sport/cricket/headlines/story3,57269
page1:/sport/regionalSport/scotland/,56156
localnews_england_south_newsorg_0,56702
/sport/football/tables/story18,55128
weather_summary_text_4,55525
/sport/cricket/scores/story0,54619
localnews_england_northwest_newsorg_1_article_1,55679
/sport/football/scores/story12,54050
/sport/rugbyUnion/headlines/story2,57408
page1:/travel/motorways/,54370
/news/health/story9,55048
/news/science/story7,55459
localnews_england_northeast_newsorg_1_article_1,53063
localnews_england_westmidlands_newsorg_0_article_3,52880
/sport/football/tables/story7,52571
/lottery/game0/story1,52160
localnews_england_eastmidlands_newsorg_1,53376
/sport/cricket/headlines/story4,52878
/sport/regionalSport/scotland/story0,51788
/sport/tennis/scores/mens,52009
localnews_england_northwest_newsorg_1_article_2,52832
/sport/moreSport/sport2/headlines/story0,52242
/sport/football/scores/story13,50804
/sport/rugbyUnion/headlines/story3,53964
localnews_scotland_newsorg_3,52457
localnews_england_westsouthwest_newsorg_3,53052
localnews_england_westsouthwest_newsorg_5,52656
localnews_england_westmidlands_newsorg_1,51401
/sport/rugbyUnion/headlines/story4,52159
localnews_england_northeast_newsorg_1_article_2,49466
/news/science/story8,50638
/sport/rugbyLeague/scores/,48587
/sport/tennis/headlines/story2,49980
/sport/football/tables/story8,48739
/news/technology/story8,50438
localnews_england_yorkshirelincs_newsorg_1_article_1,48951
localnews_england_northwest_newsorg_0_article_1,48803
localnews_england_northwest_newsorg_1_article_3,47323
localnews_england_south_newsorg_3,47615
weather_warnings,46764
localnews_england_westmidlands_newsorg_2,47538
/sport/f1/headlines/story3,46999
/sport/football/tables/story9,45616
/sport/rugbyLeague/headlines/story1,45050
/sport/moreSport/sport4/headlines/story0,45747
/sport/rugbyUnion/headlines/story5,47338
localnews_england_northeast_newsorg_1_article_3,44609
/news/science/story9,46030
localnews_scotland_newsorg_0,48415
/sport/regionalSport/scotland/story1,44285
/sport/football/tables/story14,44477
/sport/moreSport/sport5/headlines/story0,44071
/sport/golf/results,44560
/sport/regionalSport/wales/,45205
localnews_england_yorkshirelincs_newsorg_1_article_2,43904
/sport/cricket/headlines/story5,43607
localnews_england_east_newsorg_0_article_0,44587
localnews_england_yorkshirelincs_newsorg_3_article_0,44196
/news/aroundUk/isleOfManAndChannels/,44528
localnews_isleofmanchannels,44528
/news/business/foreignExchange/euroRates,43644
/sport/regionalSport/scotland/story2,41597
localnews_england_south_newsorg_2_article_0,43255
localnews_england_northwest_newsorg_0_article_2,42905
localnews_scotland_newsorg_1,43236
localnews_england_northeast_newsorg_0_article_0,41316
localnews_england_westsouthwest_newsorg_2_article_0,42518
/sport/regionalSport/scotland/story4,40297
/sport/rugbyUnion/headlines/story6,42507
/sport/football/tables/story10,40436
localnews_england_yorkshirelincs_newsorg_0_article_0,40990
/sport/moreSport/sport2/headlines/story1,40986
/sport/rugbyLeague/headlines/story2,40165
localnews_england_yorkshirelincs_newsorg_4_article_0,41003
/sport/regionalSport/scotland/story3,39922
localnews_england_westmidlands_newsorg_3,41624
localnews_england_yorkshirelincs_newsorg_1_article_3,40400
/sport/regionalSport/northernIreland/,38353
localnews_england_east_newsorg_2_article_0,41717
/sport/football/tables/story21,39794
/sport/cricket/fixtures,39833
localnews_england_londonsoutheast_newsorg_0_article_0,41293
/sport/rugbyUnion/tables/,40557
/news/business/foreignExchange/dollarRates,39390
localnews_england_east_newsorg_0_article_1,39650
/sport/rugbyUnion/scores/story2,39664
localnews_england_south_newsorg_2_article_1,39560
/sport/cricket/headlines/story6,38353
page1:/sport/football/scores/,38660
/sport/regionalSport/scotland/story5,37658
/sport/rugbyUnion/fixturesAndResults/,39661
/sport/moreSport/sport5/headlines/story1,37907
/sport/tennis/headlines/story3,38099
/news/business/markets/londonMarketReport,37969
/sport/moreSport/sport6/,38749
localnews_england_eastmidlands_newsorg_2,38030
localnews_scotland_newsorg_4,38411
/sport/regionalSport/scotland/story6,36037
localnews_england_yorkshirelincs_newsorg_3_article_1,37336
localnews_england_east_newsorg_0_article_2,37299
localnews_england_northwest_newsorg_0_article_3,37035
localnews_england_yorkshirelincs_newsorg_2_article_0,36771
localnews_england_westsouthwest_newsorg_1_article_0,37675
localnews_england_east_newsorg_2_article_1,37446
localnews_scotland_newsorg_5,38137
localnews_scotland_newsorg_2_article_0,35524
/sport/football/scores/story14,35075
localnews_england_south_newsorg_2_article_2,36648
/sport/moreSport/sport1/headlines/story0,34719
/news/technology/story9,36410
/sport/rugbyLeague/scores/story0,34583
/sport/moreSport/sport6/headlines/,36512
localnews_england_westsouthwest_newsorg_2_article_1,36252
/sport/regionalSport/yorkshireAndHumberside/,34384
localnews_england_yorkshirelincs_newsorg_4_article_1,35089
/sport/regionalSport/scotland/story7,34025
/sport/rugbyUnion/headlines/story7,35929
/sport/moreSport/sport1/story1,33556
localnews_scotland_newsorg_2_article_2,34035
localnews_wales_newsorg_0,36694
localnews_england_northeast_newsorg_0_article_1,33956
page2:/sport/football/tables/,34110
page1:/travel/rail/,33790
localnews_scotland_newsorg_2_article_3,33283
localnews_england_east_newsorg_3_article_0,34792
localnews_england_east_newsorg_0_article_3,34103
/travel/london/,32300
localnews_england_east_newsorg_2_article_2,34508
localnews_england_westsouthwest_newsorg_2_article_2,34062
/sport/regionalSport/scotland/story8,32267
localnews_england_londonsoutheast_newsorg_0_article_1,34235
localnews_england_yorkshirelincs_newsorg_3_article_2,33297
/sport/moreSport/sport5/headlines/story2,32467
localnews_england_south_newsorg_2_article_3,33491
localnews_scotland_newsorg_2_article_1,32328
/sport/rugbyLeague/headlines/story3,31954
localnews_england_yorkshirelincs_newsorg_4_article_2,32327
/travel/ferries/,32906
localnews_england_south_newsorg_1_article_0,33663
localnews_england_westsouthwest_newsorg_0_article_0,32618
/sport/football/tables/story15,31347
/sport/cricket/headlines/story7,31240
/sport/rugbyUnion/headlines/story8,32379
page1:/sport/tennis/headlines/,31282
localnews_england_yorkshirelincs_newsorg_0_article_1,31115
/sport/football/finals/headlines/story13,30359
localnews_england_londonsoutheast_newsorg_3_article_0,32354
localnews_england_east_newsorg_2_article_3,31791
/sport/moreSport/sport5/headlines/story3,30310
localnews_england_northeast_newsorg_0_article_2,30459
localnews_england_east_newsorg_4_article_0,31696
/sport/moreSport/sport3/,30627
localnews_england_yorkshirelincs_newsorg_2_article_1,30510
localnews_isleofmanchannels_newsorg_0,31349
/sport/tennis/headlines/story4,29687
localnews_england_yorkshirelincs_newsorg_3_article_3,29875
localnews_england_londonsoutheast_newsorg_0_article_2,30428
/sport/regionalSport/scotland/story9,28698
localnews_england_westsouthwest_newsorg_1_article_1,30373
/sport/moreSport/sport2/headlines/story2,29039
localnews_england_eastmidlands_newsorg_3_article_0,29427
localnews_england_yorkshirelincs_newsorg_4_article_3,29008
/travel/motorways/story3,28909
localnews_wales_newsorg_3,30855
localnews_england_westsouthwest_newsorg_0_article_1,29606
/sport/moreSport/sport4/headlines/story1,28719
localnews_england_east_newsorg_3_article_1,29749
/news/business/markets/wallStreetReport,28758
/lottery/game0/story2,28041
localnews_wales_newsorg_1,30101
localnews_england_westsouthwest_newsorg_2_article_3,29201
/travel/rail/story4,28216
/news/business/markets/worldMarketReport,28384
/sport/moreSport/sport3/headlines/,28738
/sport/rugbyUnion/scores/story3,28824
localnews_england_westmidlands_newsorg_4_article_0,28614
/travel/rail/story3,27934
/lottery/game1/story1,27373
/sport/football/finals/fixtures,28700
localnews_england_northeast_newsorg_0_article_3,27534
localnews_england_yorkshirelincs_newsorg_2_article_2,27952
/travel/regions/story6,26856
/sport/regionalSport/northWest/,26835
localnews_england_south_newsorg_1_article_1,28585
/travel/regions/story0,27177
/sport/rugbyUnion/headlines/story9,27990
/travel/rail/story5,26953
localnews_england_londonsoutheast_newsorg_0_article_3,27901
/travel/rail/story0,26898
/travel/rail/story1,26742
localnews_england_westsouthwest_newsorg_0_article_2,27407
localnews_england_east_newsorg_1_article_0,27212
/travel/rail/story2,26390
/sport/moreSport/sport4/story0,26255
localnews_england_yorkshirelincs_newsorg_0_article_2,26525
localnews_england_westsouthwest_newsorg_1_article_2,27147
/travel/rail/story6,25728
/travel/regions/story3,24851
localnews_wales_newsorg_4,28230
localnews_england_londonsoutheast_newsorg_3_article_1,26811
page2:/travel/regions/,25674
localnews_england_east_newsorg_4_article_1,26595
localnews_england_east_newsorg_3_article_2,26062
/sport/football/tables/story19,24915
/travel/rail/story7,25041
page1:/sport/regionalSport/wales/,26066
localnews_england_yorkshirelincs_newsorg_2_article_3,25164
/travel/motorways/story4,24405
/sport/regionalSport/westMidlands/,24843
/travel/motorways/story0,24622
/travel/regions/story13,24198
localnews_england_eastmidlands_newsorg_0_article_0,25107
localnews_england_south_newsorg_1_article_2,25538
/travel/motorways/story2,24735
localnews_england_eastmidlands_newsorg_3_article_1,24082
localnews_england_eastmidlands_newsorg_1_article_0,24108
localnews_england_east_newsorg_1_article_1,24570
/sport/moreSport/sport1/headlines/story1,23233
localnews_england_londonsoutheast_newsorg_3_article_2,24966
/sport/moreSport/sport5/headlines/story4,23344
localnews_england_westsouthwest_newsorg_0_article_3,24222
localnews_england_westmidlands_newsorg_4_article_1,23823
localnews_england_westsouthwest_newsorg_1_article_3,24061
localnews_england_yorkshirelincs_newsorg_0_article_3,23299
/sport/moreSport/sport5/headlines/story5,22906
weather_world_4,23129
localnews_england_south_newsorg_0_article_0,23188
/sport/football/tables/story17,22618
/sport/cricket/headlines/story8,22695
localnews_england_east_newsorg_4_article_2,23860
/sport/rugbyLeague/fixturesAndResults/,22558
/sport/rugbyLeague/headlines/story4,22267
/sport/regionalSport/eastMidsAndLincs/,22584
/sport/football/tables/story16,22340
/travel/rail/story8,22468
localnews_england_east_newsorg_3_article_3,23257
/travel/motorways/story8,22116
localnews_england_east_newsorg_1_article_2,22966
/travel/regions/story2,23601
localnews_england_londonsoutheast_newsorg_3_article_3,23422
localnews_scotland_newsorg_3_article_0,22530
/news/headlines/story13,22204
/lottery/game4/,21821
localnews_scotland_newsorg_3_article_2,22167
/travel/motorways/story7,21532
localnews_england_south_newsorg_1_article_3,22761
localnews_england_eastmidlands_newsorg_3_article_2,21864
/lottery/game0/story3,21177
localnews_england_westsouthwest_newsorg_4_article_0,22249
localnews_scotland_newsorg_3_article_1,21645
localnews_scotland_newsorg_3_article_3,21510
page1:/sport/regionalSport/northernIreland/,20191
/sport/tennis/headlines/story5,21073
localnews_england_westmidlands_newsorg_4_article_2,21398
/sport/moreSport/sport4/headlines/story2,20954
/lottery/game3/,20785
/sport/cricket/scores/story4,20572
localnews_wales_newsorg_2,23199
/sport/regionalSport/northEastAndCumbria/,20337
localnews_england_east_newsorg_4_article_3,21541
/sport/football/tables/story20,20228
/sport/moreSport/sport2/headlines/story3,20414
localnews_england_eastmidlands_newsorg_1_article_1,20650
/travel/regions/story8,19976
localnews_england_westsouthwest_newsorg_3_article_0,21007
/sport/f1/headlines/story4,20463
localnews_england_westsouthwest_newsorg_5_article_0,21000
/sport/rugbyUnion/fixturesAndResults/saturday,20926
localnews_scotland_newsorg_0_article_0,21343
weather_world_2,19943
localnews_england_south_newsorg_0_article_1,20045
localnews_england_londonsoutheast_newsorg_2_article_0,20187
/lottery/game0/story5,19191
localnews_england_eastmidlands_newsorg_0_article_1,20066
/travel/regions/story5,19226
/sport/regionalSport/east/,19552
localnews_england_eastmidlands_newsorg_3_article_3,19416
localnews_england_east_newsorg_1_article_3,19733
/lottery/game2/story1,18822
localnews_england_south_newsorg_3_article_0,19212
localnews_england_westsouthwest_newsorg_4_article_1,19590
localnews_england_westmidlands_newsorg_4_article_3,19095
localnews_england_westsouthwest_newsorg_4_article_2,19522
/travel/motorways/story9,18543
/lottery/game0/story4,18442
/sport/moreSport/sport1/headlines/story2,18321
/sport/tennis/orderOfPlay,18671
/travel/regions/story15,18601
/travel/rail/story9,18598
localnews_scotland_newsorg_0_article_1,19933
localnews_england_westmidlands_newsorg_2_article_0,19119
/sport/regionalSport/londonAndSouthEast/,18357
/lottery/game4/story0,18305
localnews_england_eastmidlands_newsorg_1_article_2,18611
localnews_england_south_newsorg_0_article_2,18606
localnews_scotland_newsorg_0_article_2,19541
/travel/regions/story16,18406
/travel/motorways/story1,18407
localnews_england_eastmidlands_newsorg_2_article_0,18442
/travel/regions/story4,17559
localnews_england_westmidlands_newsorg_1_article_0,17745
/travel/regions/story14,17950
/sport/rugbyUnion/fixturesAndResults/friday,18327
/sport/rugbyUnion/scores/story4,17970
localnews_scotland_newsorg_0_article_3,18599
localnews_england_eastmidlands_newsorg_0_article_2,17920
/travel/motorways/story5,17065
/sport/rugbyUnion/tables/story0,17819
localnews_scotland_newsorg_1_article_0,17938
localnews_isleofmanchannels_newsorg_2,18012
/travel/motorways/story6,16833
/sport/regionalSport/wales/story0,17725
localnews_isleofmanchannels_newsorg_1,17591
/lottery/game3/story0,16861
/sport/moreSport/sport4/story1,16817
localnews_england_westsouthwest_newsorg_4_article_3,17127
/travel/regions/story7,16167
localnews_england_south_newsorg_3_article_1,16825
/sport/golf/calendar,16401
/sport/tennis/headlines/story6,16467
/travel/london/story0,16085
/travel/regions/story9,16138
/travel/regions/story10,16143
localnews_england_westsouthwest_newsorg_5_article_1,16915
/sport/tennis/mensRankings,16357
localnews_england_south_newsorg_0_article_3,16201
/sport/golf/mensRankings,16046
localnews_scotland_newsorg_1_article_1,16536
localnews_england_eastmidlands_newsorg_1_article_3,16109
localnews_scotland_newsorg_5_article_0,16851
localnews_england_westsouthwest_newsorg_3_article_1,16465
/sport/regionalSport/northernIreland/story0,14818
localnews_scotland_newsorg_1_article_2,16236
localnews_scotland_newsorg_1_article_3,16118
localnews_scotland_newsorg_5_article_2,16599
localnews_england_londonsoutheast_newsorg_2_article_1,15865
/travel/motorways/story10,15174
localnews_england_eastmidlands_newsorg_0_article_3,15762
/travel/ferries/story0,15718
localnews_wales_newsorg_0_article_0,16545
localnews_england_westmidlands_newsorg_1_article_1,15341
/lottery/game1/story2,14910
localnews_england_londonsoutheast_newsorg_2_article_2,15393
/travel/rail/story10,14870
/travel/regions/story12,14548
/sport/cricket/headlines/story9,14800
localnews_scotland_newsorg_5_article_1,15804
localnews_england_south_newsorg_3_article_2,14751
localnews_england_westsouthwest_newsorg_3_article_2,15078
/sport/moreSport/sport1/headlines/story3,13992
localnews_england_westmidlands_newsorg_2_article_1,14831
/sport/regionalSport/wales/story1,14977
/sport/moreSport/sport6/headlines/story0,14794
localnews_england_eastmidlands_newsorg_2_article_1,14833
/sport/regionalSport/northernIreland/story1,13366
localnews_england_westsouthwest_newsorg_5_article_2,14720
localnews_england_westmidlands_newsorg_1_article_2,13927
localnews_scotland_newsorg_5_article_3,14718
/sport/regionalSport/wales/story2,14397
localnews_wales_newsorg_0_article_1,14821
localnews_england_londonsoutheast_newsorg_2_article_3,13867
localnews_england_westmidlands_newsorg_2_article_2,13902
/sport/regionalSport/wales/story4,14192
localnews_scotland_newsorg_4_article_0,13898
/sport/regionalSport/northernIreland/story2,12614
/sport/regionalSport/wales/story3,14023
/sport/regionalSport/northernIreland/story4,12599
/sport/regionalSport/northernIreland/story3,12594
/sport/moreSport/sport4/headlines/story3,13347
/sport/tennis/headlines/story7,13275
localnews_england_south_newsorg_3_article_3,13405
localnews_england_westsouthwest_newsorg_3_article_3,13719
/travel/motorways/story11,12891
localnews_scotland_newsorg_4_article_1,13642
localnews_england_westsouthwest_newsorg_5_article_3,13631
/lottery/game2/story2,12885
/sport/regionalSport/wales/story5,13635
/sport/football/finals/groupTables,12957
localnews_england_westmidlands_newsorg_3_article_0,13347
/sport/cricket/scores/story5,12856
localnews_scotland_newsorg_4_article_2,13341
weather_world_3,12847
localnews_scotland_newsorg_4_article_3,13233
localnews_england_eastmidlands_newsorg_2_article_2,13169
localnews_england_westmidlands_newsorg_1_article_3,12734
/sport/rugbyUnion/scores/story5,12990
/sport/regionalSport/northernIreland/story5,11920
localnews_wales_newsorg_0_article_2,13634
/sport/regionalSport/southWest/,12818
localnews_isleofmanchannels_newsorg_0_article_0,13053
/sport/regionalSport/south/,12530
/sport/rugbyLeague/headlines/story5,12146
/sport/regionalSport/wales/story6,12904
/sport/rugbyUnion/fixturesAndResults/sunday,12736
page1:/sport/rugbyUnion/tables/,12687
/sport/regionalSport/northernIreland/story6,11284
/lottery/game1/story3,11645
weather_world_6,11837
localnews_england_westmidlands_newsorg_2_article_3,12041
/travel/motorways/story12,11469
/travel/regions/story11,11271
localnews_wales_newsorg_3_article_0,12624
/sport/regionalSport/wales/story7,12098
localnews_england_eastmidlands_newsorg_2_article_3,11980
localnews_wales_newsorg_0_article_3,12468
/sport/regionalSport/northernIreland/story7,10758
/sport/moreSport/sport2/headlines/story4,11195
/sport/moreSport/sport3/headlines/story0,11541
/sport/regionalSport/west/,11366
/sport/regionalSport/wales/story8,11617
/travel/rail/story11,11020
/lottery/game1/story5,10833
/sport/rugbyLeague/fixturesAndResults/saturday,10859
/sport/rugbyLeague/scores/story1,10694
localnews_wales_newsorg_4_article_0,11805
/sport/tennis/womensRankings,10770
/sport/rugbyLeague/tables/,10715
/sport/regionalSport/northernIreland/story8,10051
/sport/football/scores/story16,10403
/lottery/game1/story4,10306
localnews_wales_newsorg_3_article_1,11453
localnews_wales_newsorg_1_article_0,11053
/sport/tennis/results/womens,10516
localnews_wales_newsorg_3_article_2,11328
/sport/moreSport/sport6/headlines/story1,10686
/travel/ferries/story1,10637
/sport/regionalSport/wales/story9,10747
localnews_wales_newsorg_3_article_3,11068
/travel/london/story1,9903
/lottery/game2/story3,9945
localnews_england_westmidlands_newsorg_3_article_1,10392
/sport/regionalSport/northernIreland/story9,9443
/travel/motorways/story13,9691
/news/business/foreignExchange/abbreviations,9856
/sport/rugbyUnion/tables/story2,10274
localnews_wales_newsorg_4_article_1,10879
localnews_wales_newsorg_4_article_3,10727
localnews_wales_newsorg_4_article_2,10725
/sport/football/scores/story15,9404
localnews_isleofmanchannels_newsorg_0_article_1,9970
/sport/rugbyUnion/tables/story1,9780
localnews_wales_newsorg_1_article_1,9808
/sport/rugbyUnion/scores/story6,9552
weather_world_5,9248
/sport/f1/headlines/story5,9328
localnews_england_westmidlands_newsorg_3_article_2,9420
/travel/motorways/story14,8839
/travel/rail/story12,8941
/sport/rugbyUnion/tables/story9,9189
localnews_wales_newsorg_1_article_2,9368
/sport/golf/womensRankings,8844
/sport/moreSport/sport6/headlines/story2,8661
localnews_isleofmanchannels_newsorg_0_article_2,8724
localnews_england_westmidlands_newsorg_3_article_3,8614
localnews_wales_newsorg_1_article_3,8840
/lottery/game2/story4,8033
/sport/tennis/headlines/story8,8104
/lottery/game2/story5,7947
/sport/moreSport/sport3/headlines/story1,8253
/sport/regionalSport/yorkshireAndHumberside/story0,7906
/sport/rugbyLeague/fixturesAndResults/sunday,7946
/sport/rugbyUnion/scores/story7,7964
localnews_isleofmanchannels_newsorg_0_article_3,7964
page1:/sport/rugbyLeague/headlines/,7469
/travel/rail/story13,7399
page2:/travel/motorways/,7431
/sport/moreSport/sport1/headlines/story4,7152
/sport/cricket/tables/,7375
/travel/regions/story1,6957
/travel/motorways/story15,6924
/sport/regionalSport/westMidlands/story0,7005
localnews_wales_newsorg_2_article_0,7853
/sport/moreSport/sport3/headlines/story2,7041
/sport/rugbyUnion/tables/story3,7113
/sport/tennis/scores/womens,6829
/sport/rugbyUnion/scores/story8,6849
/travel/london/story2,6272
/sport/rugbyUnion/scores/story9,6740
localnews_wales_newsorg_2_article_2,7270
localnews_wales_newsorg_2_article_1,7273
/sport/rugbyLeague/tables/story1,6374
/sport/regionalSport/northWest/story0,6224
/sport/rugbyUnion/tables/story10,6459
/travel/rail/story14,6177
/sport/moreSport/sport3/headlines/story3,6310
/sport/rugbyUnion/tables/story6,6386
/sport/regionalSport/yorkshireAndHumberside/story1,6051
/sport/regionalSport/northWest/story1,5991
/sport/moreSport/sport6/headlines/story3,6162
localnews_wales_newsorg_2_article_3,6697
/sport/regionalSport/northWest/story2,5853
/sport/regionalSport/yorkshireAndHumberside/story2,5784
/sport/rugbyUnion/tables/story5,6039
/travel/ferries/story2,5845
/sport/rugbyUnion/scores/story10,6084
/sport/cricket/scores/story6,5572
localnews_isleofmanchannels_newsorg_2_article_0,5792
/sport/regionalSport/northWest/story3,5426
/sport/regionalSport/westMidlands/story1,5502
/sport/moreSport/sport3/headlines/story4,5545
/sport/rugbyLeague/fixturesAndResults/friday,5461
/sport/tennis/calendar/,5516
/sport/rugbyLeague/tables/story9,5243
localnews_isleofmanchannels_newsorg_1_article_0,5359
/sport/regionalSport/northEastAndCumbria/story0,5096
/sport/rugbyUnion/tables/story4,5307
/sport/rugbyLeague/tables/story2,4959
/sport/rugbyUnion/tables/story11,5055
/sport/regionalSport/yorkshireAndHumberside/story3,4765
/sport/rugbyUnion/scores/story11,5034
/travel/regions/story17,4784
/sport/regionalSport/east/story0,4865
/sport/rugbyUnion/tables/story8,4951
/sport/moreSport/sport3/headlines/story5,4804
/travel/motorways/story16,4590
/sport/regionalSport/northWest/story4,4575
/sport/regionalSport/westMidlands/story2,4488
/sport/rugbyLeague/headlines/story6,4312
/sport/regionalSport/londonAndSouthEast/story0,4246
/travel/rail/story15,4144
/sport/rugbyUnion/tables/story12,4256
/sport/moreSport/sport2/headlines/story5,4159
/sport/rugbyLeague/scores/story2,3950
help_story_13,3714
/sport/regionalSport/eastMidsAndLincs/story0,3981
localnews_isleofmanchannels_newsorg_2_article_1,4110
/sport/regionalSport/northWest/story5,3899
/travel/london/story3,3866
/sport/regionalSport/londonAndSouthEast/story3,3918
/sport/rugbyLeague/tables/story3,3928
/sport/regionalSport/londonAndSouthEast/story1,3845
localnews_isleofmanchannels_newsorg_1_article_1,3962
page1:/sport/rugbyUnion/scores/,4181
/sport/regionalSport/londonAndSouthEast/story2,3823
/travel/about,3726
chartsMenu1,3400
/sport/regionalSport/northEastAndCumbria/story1,3619
/sport/regionalSport/east/story1,3620
/lottery/game4/story1,3493
/sport/regionalSport/westMidlands/story3,3554
/sport/cricket/scores/story7,3555
/sport/regionalSport/east/story2,3525
/sport/rugbyUnion/tables/story17,3792
page2:/travel/rail/,3529
/sport/cricket/tables/story0,3533
/sport/regionalSport/eastMidsAndLincs/story1,3443
/sport/regionalSport/yorkshireAndHumberside/story4,3392
localnews_isleofmanchannels_newsorg_1_article_2,3388
/sport/regionalSport/southWest/story0,3421
/sport/rugbyUnion/tables/story13,3349
page1:/sport/f1/headlines/,3316
localnews_isleofmanchannels_newsorg_1_article_3,3216
/travel/motorways/story17,3064
/sport/regionalSport/londonAndSouthEast/story4,3082
localnews_isleofmanchannels_newsorg_2_article_2,3113
/travel/ferries/story3,3052
top40Albums,2785
page2:/sport/rugbyUnion/tables/,3233
/lottery/game3/story1,2854
/sport/cricket/tables/story1,2940
/sport/moreSport/sport6/headlines/story4,2907
/sport/rugbyUnion/tables/story14,2917
/travel/rail/story16,2761
/lottery/game4/story2,2700
/sport/rugbyLeague/fixturesAndResults/thursday,2765
/sport/cricket/tables/story2,2807
/sport/regionalSport/eastMidsAndLincs/story2,2732
help_story_14,2485
page2:/sport/football/scores/,2670
top40Singles,2457
localnews_isleofmanchannels_newsorg_2_article_3,2656
/sport/rugbyUnion/tables/story18,2744
/sport/regionalSport/east/story3,2572
/lottery/game4/story3,2461
/lottery/game4/story5,2444
/sport/rugbyLeague/tables/story4,2489
/sport/rugbyUnion/tables/story15,2593
/sport/regionalSport/londonAndSouthEast/story5,2489
/lottery/game4/story4,2359
/sport/regionalSport/southWest/story1,2473
/sport/cricket/tables/story3,2437
/sport/regionalSport/south/story0,2254
/lottery/game3/story2,2143
/sport/rugbyUnion/tables/story22,2161
/travel/motorways/story18,2066
/sport/regionalSport/eastMidsAndLincs/story3,2082
/sport/regionalSport/westMidlands/story4,2055
/sport/rugbyLeague/tables/story5,1945
/lottery/game3/story3,1926
/travel/london/story4,1901
/sport/regionalSport/northEastAndCumbria/story2,1887
/travel/rail/story17,1898
/sport/rugbyUnion/scores/story12,1969
/lottery/game3/story5,1852
/lottery/game3/story4,1832
/sport/f1/headlines/story6,1921
/sport/regionalSport/east/story4,1830
/sport/rugbyLeague/tables/story6,1769
/sport/cricket/scores/story8,1763
/sport/regionalSport/southWest/story2,1806
/news/business/disclaimer,1821
/sport/rugbyLeague/fixturesAndResults/wednesday,1731
/sport/rugbyUnion/scores/story13,1784
help_menu_1,1666
/travel/rail/story18,1643
/sport/regionalSport/yorkshireAndHumberside/story5,1601
/sport/regionalSport/west/story0,1574
/sport/regionalSport/southWest/story3,1501
/travel/motorways/story19,1383
/travel/rail/story19,1392
/sport/moreSport/sport3/story1,1431
/travel/ferries/story4,1391
playlistsMenu,1215
/sport/regionalSport/southWest/story4,1288
/sport/regionalSport/south/story1,1222
/sport/regionalSport/westMidlands/story5,1181
rockAlbums,1019
danceSingles,985
chartsMenu2,934
/sport/regionalSport/south/story2,989
/sport/regionalSport/east/story5,985
/travel/rail/story20,965
indieAlbums,889
rockSingles,885
/sport/regionalSport/west/story1,943
danceAlbums,858
indieSingles,847
/sport/regionalSport/eastMidsAndLincs/story4,902
/travel/motorways/story20,875
/sport/regionalSport/west/story2,900
compilationAlbums,761
help_menu_2,849
/travel/ferries/story5,825
rnbSingles,737
radio1Playlist,724
rnbAlbums,721
help_story_15,827
radio2Playlist,692
/sport/regionalSport/west/story3,741
bbc6musicPlaylist,676
/travel/london/story5,684
help_story_7,604
/travel/motorways/story21,577
/sport/regionalSport/south/story3,564
/travel/rail/story21,569
radio2Now,515
/sport/regionalSport/southWest/story5,548
asianMusicChart,477
radio1XtraPlaylist,462
radio4Now,430
/sport/regionalSport/west/story4,437
/travel/motorways/story22,371
asianNetworkPlaylist,348
0,666
/travel/london/story6,321
radioScotlandPlaylist,312
radioCymruPlaylist,298
radio5LiveNow,296
/sport/regionalSport/northEastAndCumbria/story3,313
help_story_5,277
help_story_1,244
radio3Now,217
page1:/sport/cricket/scores/,213
help_story_2,209
page3:/travel/motorways/,193
/sport/regionalSport/west/story5,188
/sport/cricket/scores/story9,179
/sport/regionalSport/south/story4,176
radio4ExtraNow,162
/travel/motorways/story23,158
/travel/rail/story22,165
/travel/london/story7,146
/questiontime,138
help_story_9,127
help_story_3,88
radio6MusicNow,77
help_story_10,83
help_story_6,136
/travel/ferries/story6,88
help_story_8,85
radioScotlandMwNow,65
radio1Now,63
help_story_12,61
help_story_4,57
/travel/motorways/story24,48
/travel/london/story8,45
page3:/travel/rail/,47
/travel/rail/story23,42
radioWorldServiceNow,31
radioWalesMwNow,29
radioUlsterNow,23
help_story_11,46
radioAsianNetworkNow,14
radioFoyleNow,11
/sport/golf/headlines/story0,10
/travel/ferries/story7,13
/news/event2/,9
/sport/golf/headlines/story2,8
/sport/football/scores/story21,8
/news/event1/story7,6
radioCymruNow,6
radioNanGaidhealNow,5
/travel/motorways/story25,6
/travel/ferries/story8,8
/news/event1/story4,4
/sport/football/finals/headlines/story10,4
/news/event1/story3,3
/news/test,3
/news/event1/story5,2
/news/event1/story6,2
/sport/rugbyLeague/scores/story3,2
_BBCHOME_,4
/,4
/news/event2/story0,1
/news/event2/story6,1
/news/event1/story8,1
/news/event1/story9,1
/news/event1/,1
/sport/golf/headlines/story3,1
/sport/golf/headlines/story4,1
/sport/moreSport/sport2/story0,1
/sport/golf/headlines/story5,1
/sport/golf/headlines/,1
/sport/moreSport/sport2/,1
/sport/moreSport/sport5/,1
/travel/ferries/story9,3
/travel/ferries/story10,1
