/sport/,375
/news/,431
/sport/football/,292
/news/headlines/,343
/sport/football/headlines/,185
/sport/football/scores/,166
/news/headlines/story0,173
/sport/football/scores/story0,129
page1:/news/headlines/,190
/news/headlines/story4,164
/news/headlines/story8,158
/news/headlines/story7,156
/news/headlines/story5,158
/news/headlines/story6,156
/news/headlines/story3,159
/news/headlines/story2,155
/news/headlines/story1,148
/news/headlines/story9,140
/news/uk/,140
/sport/headlines/,115
localnews,126
/news/aroundUk/,126
/news/headlines/story10,104
/sport/cricket/,87
page1:/news/,1095
/news/business/,1099
/sport/football/scores/story1,1038
weather_menu,1048
/news/world/,1053
/news/aroundUk/england/,1029
localnews_england,1029
/sport/football/headlines/story0,983
weather_region_menu,982
/sport/football/headlines/story4,957
/sport/football/scores/story2,919
/sport/cricket/scores/,921
/sport/football/headlines/story3,911
/sport/football/headlines/story2,880
page2:/news/headlines/,897
page1:/news/uk/,884
page1:/sport/football/headlines/,848
page1:/sport/,827
/sport/football/headlines/story1,817
/news/entertainment/,802
/sport/football/tables/,752
/sport/football/headlines/story5,744
/sport/moreSport/sport1/,683
/news/business/news/,726
/lottery/,694
/sport/football/finals/headlines/,660
/sport/football/headlines/story6,664
/news/uk/story9,669
/news/uk/story10,659
/sport/football/scores/story3,618
/news/uk/story8,636
page2:/news/uk/,637
/news/uk/story0,627
page1:/sport/headlines/,617
/news/uk/story7,606
/sport/football/headlines/story7,571
/news/uk/story6,586
/sport/football/finals/headlines/story0,549
page1:/news/world/,581
/sport/f1/,567
/news/uk/story5,562
/news/uk/story4,550
/sport/football/finals/headlines/story1,513
/sport/football/fixturesAndResults/,515
/sport/football/finals/headlines/story2,490
/news/uk/story1,517
/sport/headlines/story0,492
/news/headlines/story11,496
/news/uk/story2,498
/news/uk/story3,499
/news/world/story0,475
/sport/f1/headlines/,479
/sport/football/finals/headlines/story3,444
/news/world/story9,464
/news/business/shares/,458
/lottery/game0/,446
/sport/football/scores/story4,442
/news/world/story10,455
/news/world/story8,453
/news/world/story7,448
/sport/football/headlines/story8,436
/news/world/story5,447
/news/world/story6,446
/sport/football/tables/story0,433
/news/world/story4,439
/news/business/foreignExchange/,434
/news/business/markets/,426
page2:/news/world/,429
/sport/headlines/story1,412
/news/world/story2,421
/news/world/story1,414
/news/world/story3,412
page1:/news/entertainment/,405
/sport/headlines/story2,395
/sport/football/finals/headlines/story4,380
/news/world/story11,402
/lottery/game0/story0,389
/sport/cricket/scores/story2,385
/sport/cricket/scores/story1,376
/sport/golf/,369
/sport/headlines/story3,366
/sport/headlines/story4,364
page1:/news/business/news/,364
/sport/headlines/story5,344
/news/aroundUk/scotland/,333
localnews_scotland,340
/sport/cricket/headlines/,338
/sport/tennis/,324
/news/entertainment/story0,320
weather_duration_menu_3,308
localnews_england_northwest,311
/sport/football/finals/results,312
/sport/football/tables/story1,305
/sport/headlines/story6,301
/news/business/foreignExchange/poundRates,309
/news/business/news/story0,297
/news/business/shares/popular,289
/travel/,283
/news/entertainment/story1,282
/sport/regionalSport/,275
/news/entertainment/story3,275
/news/entertainment/story2,273
/news/entertainment/story4,273
/sport/football/headlines/story9,266
/news/business/markets/latest,268
/news/entertainment/story5,265
/sport/moreSport/sport2/headlines/,265
/sport/rugbyUnion/,271
/news/business/news/story4,269
/lottery/game1/,256
/news/entertainment/story6,257
/news/business/news/story1,261
news_scotland_headlines,257
/news/aroundUk/scotland/headlines/,257
/sport/football/scores/story5,250
/news/politics/,262
/news/business/news/story5,258
/news/business/news/story3,257
weather_map_5day_3,242
/news/business/news/story2,254
/news/business/news/story6,253
/sport/rugbyLeague/,241
/news/science/,256
/sport/headlines/story7,245
localnews_england_yorkshirelincs,243
/news/technology/,254
/news/business/news/story7,249
localnews_england_londonsoutheast,243
/news/business/news/story8,244
/news/business/news/story9,233
/sport/f1/headlines/story0,227
/news/aroundUk/northernIreland/,213
/lottery/game1/story0,219
/news/health/,226
/news/entertainment/story7,219
/sport/tennis/headlines/,221
weather_map_24hour_3,212
/news/business/foreignExchange/touristRates,220
/sport/football/fixturesAndResults/saturday,209
/sport/cricket/scores/story3,206
/sport/football/finals/headlines/story5,199
/sport/football/tables/story2,200
/sport/football/scores/story6,194
weather_duration_menu_4,190
/sport/football/fixturesAndResults/tuesday,188
localnews_england_westsouthwest,192
/travel/regions/,187
/news/aroundUk/wales/,202
localnews_wales,202
/sport/football/fixturesAndResults/wednesday,180
weather_duration_menu_6,179
/news/newspapers,186
/sport/moreSport/sport5/headlines/,178
/sport/cricket/scores/story11,176
localnews_england_westmidlands,176
localnews_england_east,180
/sport/cricket/scores/story4,173
weather_summary_menu,174
/sport/football/fixturesAndResults/sunday,168
page1:/sport/cricket/scores/,169
localnews_england_londonsoutheast_london_p1,165
/sport/football/fixturesAndResults/friday,165
/sport/f1/headlines/story1,167
/sport/football/fixturesAndResults/thursday,161
/sport/headlines/story8,155
/lottery/game2/,155
/sport/golf/scores,153
weather_map_5day_4,152
/sport/football/tables/story3,152
weather_duration_menu_7,156
/news/headlines/story12,152
/news/business/shares/sToZ,152
localnews_england_northwest_newsorg_3,149
localnews_england_south,152
/sport/rugbyUnion/headlines/,154
/sport/moreSport/sport2/headlines/story0,149
/news/entertainment/story8,144
localnews_england_northeast,143
weather_map_5day_6,144
/news/business/markets/ftse100,145
news_wales_headlines,155
/news/aroundUk/wales/headlines/,155
/sport/cricket/headlines/story0,143
/news/aroundUk/scotland/headlines/story0,141
/sport/cricket/scores/story5,138
/sport/football/scores/story7,136
page1:/news/politics/,143
/travel/motorways/,134
/lottery/game2/story0,135
localnews_england_northwest_newsorg_2,133
/sport/rugbyLeague/headlines/,129
/sport/cricket/scores/story0,128
weather_map_24hour_4,127
/news/aroundUk/scotland/headlines/story1,131
/news/aroundUk/scotland/headlines/story4,131
localnews_england_northwest_newsorg_1,129
/news/aroundUk/scotland/headlines/story3,130
/sport/football/tables/story4,127
/news/aroundUk/northernIreland/story0,120
/news/aroundUk/scotland/headlines/story5,127
/news/business/shares/eToL,127
/news/business/shares/mToR,126
weather_map_5day_7,129
/news/aroundUk/scotland/headlines/story2,126
/news/aroundUk/scotland/headlines/story6,125
/news/aroundUk/scotland/headlines/story7,125
/sport/cricket/scores/story6,122
/news/aroundUk/scotland/headlines/story8,125
/news/business/shares/aToD,123
weather_map_24hour_6,121
/sport/football/fixturesAndResults/monday,120
localnews_england_eastmidlands,121
weather_duration_menu_5,121
/sport/tennis/results/,120
/sport/cricket/tables/,121
/sport/moreSport/sport2/headlines/story1,120
/sport/football/finals/headlines/story6,113
/news/aroundUk/scotland/headlines/story9,119
/sport/football/tables/story5,116
localnews_england_northwest_newsorg_0,119
/sport/rugbyUnion/scores/,119
weather_world_menu,115
/sport/regionalSport/scotland/,112
/sport/cricket/scores/story7,112
/sport/f1/results,116
/news/aroundUk/northernIreland/story1,108
/sport/cricket/scores/story8,112
localnews_england_northeast_newsorg_1,112
/news/aroundUk/northernIreland/story2,108
/news/aroundUk/northernIreland/story4,107
/sport/rugbyLeague/scores/,108
/news/aroundUk/northernIreland/story3,107
page1:/news/aroundUk/scotland/headlines/,114
weather_summary_text_1,110
/news/aroundUk/northernIreland/story5,102
weather_summary_text_2,106
/sport/cricket/headlines/story1,106
/sport/tennis/results/mens,105
page1:/news/technology/,109
/news/business/markets/londonCommodities,105
localnews_england_westmidlands_newsorg_0,103
weather_summary_text_3,102
/sport/tennis/headlines/story0,103
/news/aroundUk/northernIreland/story6,97
page1:/news/health/,105
/sport/football/scores/story8,99
weather_duration_menu_2,104
localnews_england_yorkshirelincs_newsorg_1,99
/news/aroundUk/northernIreland/story7,94
weather_map_5day_5,98
/sport/tennis/scores/,96
/news/science/story0,100
weather_map_24hour_7,99
weather_duration_menu_1,96
/news/business/shares/bigWinners,95
/sport/cricket/headlines/story2,95
weather_summary_table,92
/news/aroundUk/northernIreland/story8,89
weather_world_1,93
/travel/rail/,93
/sport/f1/headlines/story2,94
localnews_england_londonsoutheast_newsorg_0,93
localnews_england_yorkshirelincs_newsorg_3,89
/news/business/shares/bigLosers,89
/sport/cricket/tables/story0,87
/news/science/story1,89
page1:/travel/regions/,85
/sport/tennis/scores/mens,83
/news/aroundUk/northernIreland/story9,81
/sport/golf/results,83
/news/politics/story4,86
page1:/news/aroundUk/northernIreland/,81
page1:/sport/cricket/headlines/,84
localnews_england_londonsoutheast_london_p2,84
localnews_england_yorkshirelincs_newsorg_4,83
/sport/football/scores/story9,80
/sport/tennis/headlines/story1,83
/news/science/story2,85
page1:/news/science/,86
/sport/rugbyLeague/scores/story0,79
/news/technology/story0,84
localnews_england_londonsoutheast_london_p1_article_0,80
/news/politics/story5,84
/sport/cricket/headlines/story3,80
/news/politics/story6,82
weather_map_24hour_5,80
weather_map_5day_2,83
/news/politics/story0,81
/news/politics/story7,81
localnews_england_south_newsorg_2,80
localnews_england_westsouthwest_newsorg_2,80
/sport/cricket/scores/story9,77
localnews_england_westsouthwest_newsorg_1,80
/news/aroundUk/wales/headlines/story0,84
localnews_england_northeast_newsorg_0,77
localnews_england_northwest_newsorg_3_article_0,76
localnews_england_yorkshirelincs_newsorg_2,77
/news/entertainment/story9,77
/news/politics/story8,79
/news/science/story3,78
/news/politics/story3,78
localnews_england_yorkshirelincs_newsorg_0,75
/sport/football/scores/story10,73
/sport/moreSport/sport1/headlines/,73
/sport/rugbyUnion/scores/story0,75
/sport/football/finals/headlines/story13,72
/news/science/story4,75
/news/technology/story1,75
/news/politics/story9,73
/news/technology/story2,74
/sport/tennis/headlines/story2,72
/news/technology/story4,74
/news/politics/story2,73
localnews_scotland_newsorg_2,70
/news/aroundUk/wales/headlines/story4,78
localnews_england_londonsoutheast_london_p1_article_1,69
localnews_england_east_newsorg_2,72
weather_map_5day_1,70
localnews_england_londonsoutheast_london_p1_article_4,69
/news/politics/story1,71
localnews_england_east_newsorg_0,70
/news/aroundUk/wales/headlines/story3,75
localnews_england_londonsoutheast_london_p1_article_3,67
/news/aroundUk/wales/headlines/story2,75
/news/aroundUk/wales/headlines/story1,75
localnews_england_londonsoutheast_london_p1_article_2,67
/sport/football/scores/story11,67
/news/aroundUk/wales/headlines/story5,75
/sport/football/tables/story6,66
/news/technology/story3,69
/news/aroundUk/wales/headlines/story6,74
localnews_england_londonsoutheast_london_p1_article_5,66
localnews_england_south_newsorg_1,69
localnews_england_east_newsorg_3,70
/news/aroundUk/wales/headlines/story7,74
/news/health/story0,67
page1:/sport/regionalSport/,66
localnews_england_londonsoutheast_newsorg_3,69
/sport/cricket/headlines/story4,66
/sport/cricket/scores/story10,65
/news/aroundUk/wales/headlines/story8,72
localnews_england_westsouthwest_newsorg_0,67
localnews_england_northwest_newsorg_3_article_1,64
/sport/f1/standings,66
localnews_england_londonsoutheast_london_p1_article_6,64
/sport/moreSport/sport6/,67
/news/aroundUk/wales/headlines/story9,70
localnews_england_londonsoutheast_london_p1_article_7,63
localnews_england_northwest_newsorg_2_article_0,63
weather_map_24hour_2,66
/news/technology/story5,66
page1:/news/aroundUk/wales/headlines/,71
/news/science/story5,64
/sport/moreSport/sport6/headlines/,65
localnews_england_northwest_newsorg_3_article_2,62
weather_map_24hour_1,61
/sport/rugbyLeague/tables/,60
localnews_england_londonsoutheast_london_p1_article_8,61
/sport/rugbyUnion/scores/story1,63
/sport/football/finals/headlines/story7,59
/sport/moreSport/sport4/,61
/news/health/story1,63
/sport/rugbyUnion/headlines/story0,63
/news/health/story4,62
/sport/tennis/headlines/story3,61
/news/technology/story6,62
localnews_england_westsouthwest_newsorg_4,62
page1:/sport/football/tables/,61
/news/business/markets/dowAndUsIndicies,60
localnews_england_londonsoutheast_london_p1_article_9,58
/sport/f1/calendar,61
localnews_england_westmidlands_newsorg_0_article_0,59
/news/health/story2,60
page1:/sport/regionalSport/scotland/,58
/news/science/story6,60
/news/health/story3,59
/sport/football/tables/story7,57
localnews_england_northwest_newsorg_2_article_1,57
localnews_england_northwest_newsorg_3_article_3,56
/sport/cricket/fixtures,57
localnews_england_eastmidlands_newsorg_3,57
page1:/sport/rugbyUnion/headlines/,59
/sport/rugbyLeague/headlines/story0,54
/news/health/story5,56
localnews_england_londonsoutheast_newsorg_2,56
localnews_england_northeast_newsorg_1_article_0,54
weather_summary_text_4,55
localnews_england_east_newsorg_1,56
/news/health/story6,55
localnews_england_eastmidlands_newsorg_0,55
/sport/football/tables/story8,53
localnews_england_westmidlands_newsorg_0_article_1,54
localnews_england_east_newsorg_4,57
/news/science/story7,55
localnews_england_northwest_newsorg_2_article_2,52
localnews_england_northwest_newsorg_0_article_0,54
/sport/rugbyUnion/headlines/story1,55
/sport/cricket/headlines/story5,53
/sport/tennis/headlines/story4,53
localnews_england_westmidlands_newsorg_4,53
page1:/travel/motorways/,52
localnews_england_northwest_newsorg_1_article_0,52
/lottery/game0/story1,51
/news/technology/story7,53
/news/headlines/story13,52
/sport/moreSport/sport4/headlines/,51
/news/health/story8,51
/sport/cricket/tables/story1,51
localnews_england_westmidlands_newsorg_0_article_2,50
localnews_england_south_newsorg_0,51
/news/health/story7,51
localnews_england_northwest_newsorg_1_article_1,51
/sport/football/tables/story9,49
/news/science/story8,50
/news/business/markets/worldMarketIndicies,50
/sport/f1/headlines/story3,51
localnews_england_northwest_newsorg_2_article_3,49
localnews_england_yorkshirelincs_newsorg_1_article_0,49
localnews_england_northeast_newsorg_1_article_1,48
/sport/rugbyLeague/scores/story1,47
/sport/regionalSport/scotland/story0,47
/sport/rugbyUnion/headlines/story2,49
/news/health/story9,48
localnews_scotland_newsorg_3,48
/news/science/story9,48
/sport/moreSport/sport5/headlines/story0,47
/sport/football/tables/story14,47
localnews_england_yorkshirelincs_newsorg_3_article_0,48
localnews_england_westmidlands_newsorg_0_article_3,46
weather_warnings,46
/sport/football/tables/story11,46
localnews_england_westsouthwest_newsorg_3,48
localnews_england_westmidlands_newsorg_1,47
localnews_england_westsouthwest_newsorg_5,48
/sport/rugbyLeague/scores/story2,45
localnews_england_eastmidlands_newsorg_1,46
/sport/football/scores/story12,44
/sport/rugbyUnion/tables/,47
localnews_england_northwest_newsorg_0_article_1,46
/sport/rugbyUnion/headlines/story3,47
localnews_england_northeast_newsorg_1_article_2,45
/sport/cricket/headlines/story6,44
/sport/rugbyLeague/fixturesAndResults/,43
/sport/moreSport/sport2/headlines/story2,44
/sport/rugbyUnion/headlines/story4,45
/sport/football/tables/story10,42
localnews_england_south_newsorg_3,43
localnews_england_northwest_newsorg_1_article_2,43
localnews_england_westmidlands_newsorg_2,44
/news/technology/story8,44
/sport/football/scores/story13,42
localnews_england_yorkshirelincs_newsorg_1_article_1,42
/sport/rugbyUnion/scores/story2,43
/sport/rugbyLeague/headlines/story1,41
localnews_scotland_newsorg_0,45
/sport/regionalSport/wales/,43
/sport/tennis/headlines/story5,41
/sport/football/tables/story18,40
localnews_england_northeast_newsorg_1_article_3,40
/sport/regionalSport/scotland/story1,39
/news/aroundUk/isleOfManAndChannels/,41
localnews_isleofmanchannels,41
/news/business/foreignExchange/euroRates,41
localnews_england_londonsoutheast_newsorg_0_article_0,40
/sport/moreSport/sport5/headlines/story1,38
localnews_england_east_newsorg_0_article_0,40
localnews_england_yorkshirelincs_newsorg_3_article_1,39
localnews_england_westsouthwest_newsorg_1_article_0,40
localnews_england_northwest_newsorg_1_article_3,39
/sport/regionalSport/northernIreland/,37
page1:/sport/football/scores/,39
localnews_england_south_newsorg_2_article_0,40
localnews_scotland_newsorg_1,40
/sport/regionalSport/scotland/story2,38
/sport/moreSport/sport5/headlines/story2,38
localnews_england_northwest_newsorg_0_article_2,38
/sport/rugbyUnion/headlines/story5,39
/sport/cricket/headlines/story7,37
/sport/regionalSport/scotland/story3,37
/sport/regionalSport/scotland/story4,37
page1:/sport/tennis/headlines/,38
localnews_england_yorkshirelincs_newsorg_1_article_2,37
localnews_england_yorkshirelincs_newsorg_4_article_0,37
localnews_england_westmidlands_newsorg_3,37
localnews_england_east_newsorg_2_article_0,38
localnews_scotland_newsorg_2_article_0,36
localnews_england_yorkshirelincs_newsorg_3_article_2,36
/sport/regionalSport/scotland/story5,35
/sport/rugbyLeague/tables/story9,35
/sport/rugbyLeague/headlines/story2,35
/news/business/foreignExchange/dollarRates,36
/sport/tennis/orderOfPlay,35
/sport/regionalSport/scotland/story6,34
/sport/moreSport/sport3/,35
/news/technology/story9,35
/sport/regionalSport/yorkshireAndHumberside/,34
/sport/rugbyUnion/headlines/story6,35
localnews_england_northwest_newsorg_0_article_3,35
localnews_england_east_newsorg_0_article_1,35
localnews_scotland_newsorg_4,36
/sport/football/tables/story15,34
localnews_scotland_newsorg_2_article_2,33
localnews_scotland_newsorg_5,35
localnews_england_londonsoutheast_newsorg_0_article_1,35
localnews_england_yorkshirelincs_newsorg_1_article_3,33
/sport/tennis/results/womens,33
localnews_england_south_newsorg_2_article_1,34
/sport/moreSport/sport5/headlines/story3,33
localnews_scotland_newsorg_2_article_1,33
/sport/golf/calendar,33
localnews_england_east_newsorg_2_article_1,33
/sport/regionalSport/scotland/story7,31
/sport/moreSport/sport3/headlines/,33
localnews_england_eastmidlands_newsorg_2,33
localnews_england_yorkshirelincs_newsorg_3_article_3,32
localnews_scotland_newsorg_2_article_3,32
/sport/rugbyUnion/headlines/story7,33
/sport/rugbyLeague/headlines/story3,31
localnews_england_south_newsorg_2_article_2,33
localnews_england_east_newsorg_0_article_2,32
localnews_england_westsouthwest_newsorg_1_article_1,32
localnews_england_northeast_newsorg_0_article_0,31
/sport/moreSport/sport1/story1,30
localnews_england_yorkshirelincs_newsorg_4_article_1,31
localnews_england_westsouthwest_newsorg_2_article_0,32
localnews_england_east_newsorg_2_article_2,31
/sport/rugbyLeague/tables/story1,29
localnews_wales_newsorg_0,32
/sport/rugbyUnion/fixturesAndResults/,31
localnews_england_yorkshirelincs_newsorg_2_article_0,30
page1:/travel/rail/,30
localnews_england_south_newsorg_1_article_0,32
localnews_england_south_newsorg_2_article_3,31
localnews_england_yorkshirelincs_newsorg_0_article_0,30
/sport/cricket/headlines/story8,30
localnews_england_westsouthwest_newsorg_0_article_0,30
/sport/golf/mensRankings,29
localnews_england_londonsoutheast_newsorg_3_article_0,31
/sport/regionalSport/scotland/story8,28
localnews_england_east_newsorg_3_article_0,30
localnews_england_londonsoutheast_newsorg_0_article_2,30
localnews_england_east_newsorg_0_article_3,30
/sport/rugbyUnion/headlines/story8,29
/sport/moreSport/sport6/headlines/story0,29
/lottery/game0/story2,27
/sport/tennis/scores/womens,28
localnews_isleofmanchannels_newsorg_0,29
localnews_england_northeast_newsorg_0_article_1,28
/travel/london/,27
localnews_england_londonsoutheast_newsorg_0_article_3,29
localnews_england_yorkshirelincs_newsorg_4_article_2,28
/travel/ferries/,28
/sport/football/finals/fixtures,29
/sport/tennis/headlines/story6,28
localnews_england_east_newsorg_2_article_3,29
/travel/motorways/story3,28
/sport/rugbyUnion/tables/story0,28
/sport/football/scores/story14,26
/sport/rugbyUnion/scores/story3,27
localnews_england_westsouthwest_newsorg_1_article_2,28
/sport/rugbyLeague/headlines/story4,26
localnews_england_east_newsorg_3_article_1,28
localnews_england_westsouthwest_newsorg_2_article_1,28
page2:/sport/football/tables/,27
localnews_england_eastmidlands_newsorg_3_article_0,27
/news/business/markets/londonMarketReport,26
/lottery/game1/story1,25
/sport/moreSport/sport6/headlines/story1,26
/sport/regionalSport/northWest/,25
localnews_england_westsouthwest_newsorg_0_article_1,26
localnews_england_south_newsorg_1_article_1,27
localnews_england_westsouthwest_newsorg_2_article_2,26
localnews_wales_newsorg_3,27
/sport/football/finals/groupTables,25
/sport/moreSport/sport1/headlines/story0,25
localnews_england_yorkshirelincs_newsorg_4_article_3,26
/sport/football/tables/story19,25
localnews_england_east_newsorg_1_article_0,26
localnews_england_northeast_newsorg_0_article_2,26
localnews_wales_newsorg_1,26
localnews_england_londonsoutheast_newsorg_3_article_1,26
/sport/rugbyUnion/headlines/story9,25
/travel/regions/story6,24
/sport/regionalSport/scotland/story9,24
localnews_england_yorkshirelincs_newsorg_2_article_1,25
localnews_england_yorkshirelincs_newsorg_0_article_1,25
/sport/moreSport/sport5/headlines/story4,23
/sport/football/tables/story17,23
page2:/travel/regions/,24
localnews_england_yorkshirelincs_newsorg_2_article_2,24
localnews_england_east_newsorg_3_article_2,24
localnews_england_westsouthwest_newsorg_4_article_0,24
/travel/regions/story0,23
/sport/football/tables/story16,23
localnews_england_eastmidlands_newsorg_0_article_0,24
localnews_wales_newsorg_4,26
/travel/motorways/story2,24
page1:/sport/regionalSport/wales/,24
localnews_england_northeast_newsorg_0_article_3,23
/travel/motorways/story8,22
localnews_england_westsouthwest_newsorg_1_article_3,23
localnews_england_westsouthwest_newsorg_0_article_2,23
/sport/regionalSport/westMidlands/,22
/travel/regions/story13,22
localnews_england_londonsoutheast_newsorg_3_article_2,23
/travel/regions/story3,22
/travel/motorways/story0,22
/sport/moreSport/sport2/headlines/story3,22
/sport/regionalSport/eastMidsAndLincs/,22
localnews_england_south_newsorg_1_article_2,24
localnews_england_eastmidlands_newsorg_3_article_1,23
/sport/rugbyLeague/fixturesAndResults/thursday,22
/sport/rugbyLeague/fixturesAndResults/friday,22
localnews_england_westmidlands_newsorg_4_article_0,23
/sport/rugbyLeague/headlines/story5,21
/travel/rail/story5,21
localnews_england_south_newsorg_0_article_0,22
localnews_england_east_newsorg_3_article_3,22
localnews_england_east_newsorg_1_article_1,22
/sport/football/tables/story20,21
/travel/rail/story6,21
/lottery/game4/,21
localnews_england_londonsoutheast_newsorg_3_article_3,22
/travel/rail/story4,21
localnews_england_south_newsorg_1_article_3,22
/lottery/game0/story3,21
localnews_england_yorkshirelincs_newsorg_2_article_3,21
localnews_england_yorkshirelincs_newsorg_0_article_2,21
localnews_england_westsouthwest_newsorg_2_article_3,22
/travel/rail/story3,20
localnews_england_eastmidlands_newsorg_3_article_2,20
/sport/rugbyLeague/scores/story3,20
page1:/sport/regionalSport/northernIreland/,629
/lottery/game3/,20
/travel/rail/story7,20
/sport/cricket/headlines/story9,20
/travel/motorways/story4,20
localnews_england_eastmidlands_newsorg_1_article_0,20
/news/business/markets/worldMarketReport,20
weather_world_4,20
/news/business/markets/wallStreetReport,20
/sport/rugbyLeague/tables/story2,20
localnews_england_westsouthwest_newsorg_0_article_3,21
/sport/moreSport/sport5/headlines/story5,20
localnews_scotland_newsorg_3_article_0,19
/travel/rail/story2,19
localnews_england_westmidlands_newsorg_4_article_1,19
/sport/regionalSport/northEastAndCumbria/,19
localnews_england_east_newsorg_1_article_2,20
/sport/cricket/tables/story2,19
/travel/motorways/story7,19
localnews_england_south_newsorg_3_article_0,19
localnews_england_eastmidlands_newsorg_0_article_1,19
/travel/rail/story0,19
localnews_england_westsouthwest_newsorg_4_article_1,20
/travel/rail/story1,19
/lottery/game0/story5,19
localnews_england_east_newsorg_4_article_0,20
/sport/rugbyLeague/fixturesAndResults/saturday,19
/sport/football/scores/story15,1015
localnews_scotland_newsorg_0_article_0,19
/travel/regions/story2,19
localnews_wales_newsorg_2,20
localnews_england_yorkshirelincs_newsorg_0_article_3,18
localnews_scotland_newsorg_3_article_3,18
/travel/rail/story8,18
localnews_scotland_newsorg_3_article_2,18
/lottery/game0/story4,18
localnews_scotland_newsorg_3_article_1,18
/travel/regions/story8,18
/travel/motorways/story9,18
localnews_england_south_newsorg_0_article_1,18
localnews_england_westmidlands_newsorg_4_article_2,18
/travel/regions/story5,18
localnews_england_eastmidlands_newsorg_3_article_3,18
localnews_england_westsouthwest_newsorg_3_article_0,19
/lottery/game4/story0,18
/lottery/game2/story1,18
/travel/regions/story15,17
/sport/moreSport/sport6/headlines/story2,17
/sport/rugbyLeague/fixturesAndResults/sunday,17
localnews_england_eastmidlands_newsorg_0_article_2,17
localnews_england_westsouthwest_newsorg_4_article_2,18
localnews_england_londonsoutheast_newsorg_2_article_0,17
/sport/regionalSport/londonAndSouthEast/,17
localnews_scotland_newsorg_0_article_1,18
/sport/cricket/tables/story3,17
/sport/moreSport/sport4/headlines/story0,17
/sport/regionalSport/east/,17
/travel/regions/story16,17
localnews_england_east_newsorg_1_article_3,17
localnews_england_south_newsorg_0_article_2,17
localnews_scotland_newsorg_0_article_2,18
/sport/cricket/scores/story12,16
/lottery/game3/story0,16
/sport/rugbyUnion/scores/story4,16
/travel/regions/story14,16
/travel/motorways/story1,16
localnews_england_eastmidlands_newsorg_1_article_1,16
weather_world_2,16
localnews_england_east_newsorg_4_article_1,17
localnews_england_westmidlands_newsorg_2_article_0,16
/sport/regionalSport/wales/story0,16
localnews_england_westsouthwest_newsorg_4_article_3,16
localnews_england_westmidlands_newsorg_4_article_3,16
page1:/sport/rugbyLeague/headlines/,16
localnews_scotland_newsorg_0_article_3,17
/sport/moreSport/sport4/story0,16
localnews_england_eastmidlands_newsorg_0_article_3,16
/travel/rail/story9,16
localnews_england_westmidlands_newsorg_1_article_0,16
/sport/golf/womensRankings,16
/travel/regions/story4,16
localnews_isleofmanchannels_newsorg_2,15
localnews_england_westsouthwest_newsorg_5_article_0,15
localnews_england_south_newsorg_3_article_1,15
localnews_scotland_newsorg_1_article_0,15
localnews_england_east_newsorg_4_article_2,16
/travel/regions/story10,15
/travel/motorways/story5,899
localnews_isleofmanchannels_newsorg_1,15
/travel/regions/story7,916
/travel/regions/story9,940
/sport/moreSport/sport1/headlines/story1,845
localnews_scotland_newsorg_1_article_2,15
/sport/rugbyLeague/tables/story3,971
localnews_england_south_newsorg_0_article_3,15
localnews_england_eastmidlands_newsorg_1_article_2,15
/sport/regionalSport/northernIreland/story0,282
/sport/tennis/mensRankings,14
localnews_scotland_newsorg_1_article_1,14
/travel/motorways/story6,893
localnews_england_westsouthwest_newsorg_3_article_1,14
localnews_england_east_newsorg_4_article_3,14
/travel/motorways/story10,891
/lottery/game1/story2,915
localnews_england_westmidlands_newsorg_1_article_1,14
/sport/rugbyUnion/fixturesAndResults/saturday,14
/travel/regions/story12,828
localnews_scotland_newsorg_1_article_3,14
localnews_england_westmidlands_newsorg_2_article_1,14
/sport/regionalSport/wales/story1,14
localnews_england_south_newsorg_3_article_2,14
/travel/rail/story10,14
localnews_scotland_newsorg_5_article_0,14
/sport/moreSport/sport2/headlines/story4,1006
localnews_england_westsouthwest_newsorg_5_article_1,13
localnews_england_londonsoutheast_newsorg_2_article_1,13
localnews_england_eastmidlands_newsorg_2_article_0,13
/sport/rugbyUnion/tables/story1,13
localnews_england_westsouthwest_newsorg_3_article_2,13
/travel/london/story0,675
localnews_england_eastmidlands_newsorg_1_article_3,13
/sport/rugbyUnion/fixturesAndResults/friday,13
localnews_england_westmidlands_newsorg_1_article_2,13
/sport/regionalSport/wales/story2,13
localnews_wales_newsorg_0_article_0,14
/sport/regionalSport/northernIreland/story1,253
localnews_england_south_newsorg_3_article_3,13
localnews_england_londonsoutheast_newsorg_2_article_2,13
localnews_england_westmidlands_newsorg_2_article_2,13
/sport/moreSport/sport4/story1,961
localnews_scotland_newsorg_4_article_0,13
localnews_england_westmidlands_newsorg_3_article_0,13
localnews_scotland_newsorg_5_article_1,13
localnews_scotland_newsorg_5_article_3,13
localnews_scotland_newsorg_5_article_2,12
/sport/regionalSport/wales/story4,12
localnews_scotland_newsorg_4_article_2,12
localnews_england_londonsoutheast_newsorg_2_article_3,12
/travel/motorways/story11,709
/sport/regionalSport/wales/story3,12
localnews_scotland_newsorg_4_article_3,12
localnews_scotland_newsorg_4_article_1,12
/sport/regionalSport/northernIreland/story2,250
localnews_england_westmidlands_newsorg_1_article_3,971
localnews_england_westmidlands_newsorg_2_article_3,12
/sport/regionalSport/northernIreland/story4,241
/sport/regionalSport/northernIreland/story3,238
/lottery/game2/story2,853
localnews_isleofmanchannels_newsorg_0_article_0,12
localnews_england_westsouthwest_newsorg_3_article_3,12
/sport/regionalSport/wales/story5,12
localnews_england_westsouthwest_newsorg_5_article_2,12
/sport/regionalSport/south/,12
/travel/rail/story11,889
/sport/moreSport/sport3/headlines/story0,11
localnews_wales_newsorg_0_article_1,11
/sport/regionalSport/southWest/,11
/sport/regionalSport/northernIreland/story5,205
/sport/regionalSport/wales/story6,11
/travel/regions/story11,468
/lottery/game1/story3,677
/sport/rugbyUnion/scores/story5,11
localnews_england_eastmidlands_newsorg_2_article_1,11
/travel/motorways/story12,599
/sport/football/scores/story16,564
/sport/moreSport/sport1/headlines/story2,570
weather_world_3,928
/sport/moreSport/sport4/headlines/story1,852
/sport/regionalSport/northernIreland/story6,190
/sport/regionalSport/wales/story7,11
localnews_england_westsouthwest_newsorg_5_article_3,11
/travel/ferries/story0,11
localnews_wales_newsorg_0_article_2,11
/sport/f1/headlines/story4,11
localnews_wales_newsorg_3_article_0,11
/sport/rugbyUnion/fixturesAndResults/sunday,10
/sport/regionalSport/west/,10
/lottery/game1/story5,632
/sport/tennis/womensRankings,800
weather_world_6,876
help_story_5,19
/sport/tennis/headlines/story7,799
localnews_england_westmidlands_newsorg_3_article_1,10
page1:/sport/rugbyUnion/tables/,10
localnews_wales_newsorg_4_article_0,10
/sport/regionalSport/northernIreland/story7,190
localnews_wales_newsorg_0_article_3,10
/sport/regionalSport/wales/story8,10
/lottery/game1/story4,592
localnews_isleofmanchannels_newsorg_0_article_1,10
/travel/rail/story12,689
/sport/moreSport/sport3/headlines/story1,940
localnews_wales_newsorg_3_article_2,10
/sport/moreSport/sport6/headlines/story3,901
localnews_england_westmidlands_newsorg_3_article_2,888
/travel/motorways/story13,513
/sport/regionalSport/northernIreland/story8,171
/sport/rugbyUnion/tables/story9,979
localnews_wales_newsorg_3_article_1,9
localnews_wales_newsorg_3_article_3,9
/sport/moreSport/sport4/headlines/story2,746
/sport/regionalSport/wales/story9,9
localnews_wales_newsorg_4_article_1,9
localnews_wales_newsorg_4_article_2,9
/lottery/game2/story3,611
localnews_wales_newsorg_4_article_3,9
/sport/rugbyUnion/scores/story6,9
localnews_england_eastmidlands_newsorg_2_article_2,9
/news/business/foreignExchange/abbreviations,737
/sport/rugbyLeague/headlines/story6,537
localnews_isleofmanchannels_newsorg_0_article_2,9
localnews_england_westmidlands_newsorg_3_article_3,782
/sport/moreSport/sport3/headlines/story2,789
/sport/moreSport/sport4/headlines/story3,665
/sport/regionalSport/northernIreland/story9,173
/sport/moreSport/sport1/headlines/story3,456
localnews_england_eastmidlands_newsorg_2_article_3,988
localnews_wales_newsorg_1_article_0,8
/sport/regionalSport/yorkshireAndHumberside/story0,470
localnews_isleofmanchannels_newsorg_0_article_3,954
weather_world_5,659
/travel/rail/story13,561
/travel/motorways/story14,490
/sport/rugbyLeague/tables/story4,454
/sport/rugbyUnion/scores/story7,907
/sport/rugbyUnion/tables/story6,850
localnews_wales_newsorg_1_article_1,996
/sport/rugbyLeague/scores/story4,400
/sport/cricket/scores/story13,484
/lottery/game2/story4,462
/lottery/game2/story5,458
localnews_wales_newsorg_1_article_2,993
/sport/rugbyUnion/tables/story5,842
/sport/moreSport/sport3/headlines/story3,620
/travel/london/story1,351
localnews_wales_newsorg_2_article_0,7
localnews_wales_newsorg_1_article_3,978
/travel/rail/story14,462
/sport/rugbyUnion/scores/story8,769
/sport/regionalSport/yorkshireAndHumberside/story1,387
/sport/rugbyUnion/tables/story10,700
/sport/regionalSport/northWest/story0,365
/travel/motorways/story15,408
/travel/regions/story1,402
/sport/rugbyUnion/scores/story9,813
/sport/moreSport/sport1/headlines/story4,336
page2:/travel/motorways/,509
/sport/tennis/calendar/,485
/sport/rugbyUnion/tables/story2,694
/sport/moreSport/sport3/headlines/story4,556
/sport/rugbyUnion/scores/story10,830
/sport/rugbyLeague/tables/story5,328
localnews_wales_newsorg_2_article_1,6
/sport/rugbyLeague/scores/story5,337
/sport/regionalSport/northWest/story2,346
/sport/rugbyUnion/tables/story3,621
/sport/regionalSport/northWest/story3,332
localnews_wales_newsorg_2_article_2,6
/travel/ferries/story1,535
/sport/rugbyUnion/tables/story8,601
/sport/regionalSport/northWest/story1,308
/sport/rugbyLeague/tables/story6,309
/sport/regionalSport/yorkshireAndHumberside/story2,319
/sport/rugbyUnion/tables/story4,602
localnews_wales_newsorg_2_article_3,6
/sport/rugbyUnion/tables/story11,587
/sport/moreSport/sport2/headlines/story5,322
/sport/rugbyUnion/scores/story11,676
/sport/regionalSport/northWest/story4,267
/travel/rail/story15,305
/travel/regions/story17,323
/sport/regionalSport/northEastAndCumbria/story0,278
/sport/rugbyUnion/tables/story12,468
/sport/regionalSport/yorkshireAndHumberside/story3,247
/travel/london/story2,233
/sport/regionalSport/northWest/story5,263
/sport/regionalSport/westMidlands/story0,397
/travel/motorways/story16,289
/sport/regionalSport/eastMidsAndLincs/story0,295
localnews_isleofmanchannels_newsorg_1_article_0,449
/sport/regionalSport/westMidlands/story1,327
page1:/sport/rugbyUnion/scores/,630
/lottery/game4/story1,178
/travel/about,368
/sport/moreSport/sport3/headlines/story5,329
help_menu_1,141
help_story_13,3
/travel/london/story3,201
chartsMenu1,3
/sport/regionalSport/eastMidsAndLincs/story1,241
/sport/regionalSport/westMidlands/story2,276
/sport/moreSport/sport6/headlines/story4,321
/sport/rugbyUnion/tables/story17,518
localnews_isleofmanchannels_newsorg_2_article_0,380
/sport/regionalSport/londonAndSouthEast/story0,230
/sport/regionalSport/westMidlands/story3,309
/sport/rugbyUnion/tables/story13,388
/sport/regionalSport/eastMidsAndLincs/story2,226
/sport/regionalSport/northEastAndCumbria/story1,188
localnews_isleofmanchannels_newsorg_1_article_1,307
/sport/regionalSport/east/story0,262
/sport/regionalSport/londonAndSouthEast/story1,196
/sport/regionalSport/northEastAndCumbria/story2,169
/lottery/game4/story2,149
/sport/rugbyUnion/tables/story14,347
/travel/ferries/story2,262
/sport/regionalSport/yorkshireAndHumberside/story4,165
/lottery/game3/story1,149
/sport/regionalSport/east/story1,221
/sport/regionalSport/londonAndSouthEast/story2,159
/sport/rugbyUnion/scores/story12,345
/travel/motorways/story17,171
page2:/travel/rail/,179
top40Albums,2
/sport/regionalSport/londonAndSouthEast/story3,164
/sport/regionalSport/southWest/story0,304
/travel/rail/story16,174
help_story_14,2
/travel/london/story4,142
/sport/rugbyUnion/tables/story18,356
localnews_isleofmanchannels_newsorg_2_article_1,251
localnews_isleofmanchannels_newsorg_2_article_2,257
/lottery/game4/story3,124
/sport/regionalSport/eastMidsAndLincs/story3,189
/sport/rugbyUnion/tables/story15,309
localnews_isleofmanchannels_newsorg_1_article_2,244
/sport/regionalSport/westMidlands/story4,206
/lottery/game4/story5,111
/lottery/game4/story4,114
/sport/regionalSport/londonAndSouthEast/story4,161
top40Singles,2
/sport/regionalSport/east/story2,191
/sport/regionalSport/eastMidsAndLincs/story4,180
/sport/regionalSport/londonAndSouthEast/story5,148
localnews_isleofmanchannels_newsorg_2_article_3,225
page2:/sport/rugbyUnion/tables/,424
/sport/regionalSport/southWest/story2,203
/sport/regionalSport/northEastAndCumbria/story3,114
/sport/regionalSport/southWest/story1,193
/sport/rugbyUnion/tables/story22,229
/lottery/game3/story2,106
/sport/regionalSport/east/story3,184
page2:/sport/football/scores/,173
/lottery/game3/story3,97
/travel/motorways/story18,105
/sport/moreSport/sport3/story1,145
/sport/regionalSport/east/story4,135
/lottery/game3/story4,84
/lottery/game3/story5,84
localnews_isleofmanchannels_newsorg_1_article_3,178
/sport/regionalSport/south/story0,138
/sport/regionalSport/west/story0,218
/sport/regionalSport/yorkshireAndHumberside/story5,94
/sport/regionalSport/eastMidsAndLincs/story5,119
/sport/regionalSport/northEastAndCumbria/story4,81
/sport/rugbyLeague/scores/story6,77
/news/business/disclaimer,176
/travel/london/story5,77
/sport/regionalSport/southWest/story3,113
playlistsMenu,1
/travel/ferries/story3,115
/sport/regionalSport/westMidlands/story5,89
/sport/regionalSport/west/story1,164
/travel/rail/story17,75
/sport/regionalSport/south/story1,79
/sport/regionalSport/west/story2,141
/sport/regionalSport/west/story3,101
/travel/motorways/story19,1013
danceSingles,933
/sport/regionalSport/southWest/story4,1013
/sport/regionalSport/south/story2,983
/sport/tennis/headlines/story8,969
rockAlbums,887
chartsMenu2,840
indieAlbums,817
rockSingles,788
danceAlbums,780
indieSingles,773
/sport/regionalSport/west/story4,840
help_menu_2,850
radio2Playlist,741
radio1Playlist,695
help_story_7,688
rnbSingles,668
/travel/ferries/story4,727
bbc6musicPlaylist,659
rnbAlbums,655
compilationAlbums,654
/sport/regionalSport/east/story5,690
/travel/motorways/story20,676
/travel/rail/story18,630
/sport/regionalSport/south/story3,608
help_story_15,528
/sport/f1/headlines/story5,486
radio1XtraPlaylist,442
asianMusicChart,430
0,738
asianNetworkPlaylist,358
radioScotlandPlaylist,345
/travel/motorways/story21,364
/sport/regionalSport/west/story5,331
/sport/regionalSport/southWest/story5,327
radioCymruPlaylist,298
help_story_2,295
/sport/regionalSport/south/story5,253
/sport/regionalSport/south/story4,242
help_story_1,248
/travel/london/story6,228
/travel/motorways/story22,230
/questiontime,169
radio5LiveNow,150
/travel/ferries/story5,157
radio4Now,132
page3:/travel/motorways/,142
/travel/rail/story19,138
help_story_9,124
/travel/motorways/story23,125
radio2Now,113
help_story_3,119
radio1Now,93
help_story_8,88
help_story_6,125
radioScotlandMwNow,73
help_story_10,72
/travel/motorways/story24,77
radio3Now,70
help_story_4,65
help_story_12,58
radio4ExtraNow,53
/travel/london/story7,44
radioWalesMwNow,34
/travel/motorways/story25,36
/sport/regionalSport/northEastAndCumbria/story5,34
radioUlsterNow,29
radio6MusicNow,26
/travel/motorways/story26,18
help_story_11,26
radioWorldServiceNow,13
/travel/motorways/story27,13
radioFoyleNow,11
/travel/ferries/story6,10
radioAsianNetworkNow,6
/travel/rail/story20,6
/travel/ferries/story7,6
radioCymruNow,3
/travel/motorways/story28,3
radioNanGaidhealNow,2
/travel/ferries/story8,1
/travel/ferries/story9,1
